ID,Business Name,Category,Location,Phone,Email,Website,Website Status,Email Status,Stage
1,"Honey Sheep's Car Wash","Car Wash","LOCATION: 3616 Old Spanish Trl, Houston, TX 77021, United States. PHONE NUMBER:","+17137480955","","","Unverified","Not checked","IMPORTED"
2,"Golden Shine Hand Carwash","Car Wash","LOCATION: 615 North Loop, Houston, TX 77022, United States. PHONE NUMBER:","+17138698485","","","Unverified","Not checked","IMPORTED"
3,"Carwash a domicilio Fuentes","Car Wash","LOCATION: 6160 Elm St #2817, Houston, TX 77081, United States. PHONE NUMBER:","+17134050361","","","Unverified","Not checked","IMPORTED"
4,"Carlos Carwash","Car Wash","5315 Lawndale St, Houston, TX 77023, United States","+18323527302","","","Unverified","Not checked","IMPORTED"
5,"Blue Hand Car Wash","Car Wash","4605 N Main St, Houston, TX 77009, United States","+17132038272","","","Unverified","Not checked","IMPORTED"
6,"Diamond Car Wash","Car Wash","11722 Veterans Memorial Dr, Houston, TX 77067,UnitedStates","+12815869274","","","Unverified","Not checked","IMPORTED"
7,"Best Hand Car Wash 2","Car Wash","6521 Del Monte Dr, Houston, TX 77057, United States","+17137843209","","","Unverified","Not checked","IMPORTED"
8,"USA Hand Car Wash","Car Wash","219 W Gulf Bank Rd, Houston, TX 77037, United States","+18322771385","","","Unverified","Not checked","IMPORTED"
9,"Blue Planet Mobile Car Wash and Detailing","Car Wash","12250 FM 529, Houston, TX 77041, United States","+19797301092","","","Unverified","Not checked","IMPORTED"
10,"Sparkles Hand Car Wash","Car Wash","14520 Memorial Dr, Houston, TX 77079, United States","+18322434598","","","Unverified","Not checked","IMPORTED"
11,"H-TOWN CAR WASH","Car Wash","5315 Lawndale St, Houston, TX 77023, United States","+17134569971","","","Unverified","Not checked","IMPORTED"
12,"Regency Car Wash","Car Wash","506 S Texas 6, Houston, TX 77079, United States","+12818708967","","","Unverified","Not checked","IMPORTED"
13,"The District Car Wash","Car Wash","8001 Braesmain Dr, Houston, TX 77025, United States","+18329555376","","","Unverified","Not checked","IMPORTED"
14,"Bellaire Hand Detail and Car Wash","Car Wash","6040 S Rice Ave, Houston, TX 77081, United States","+18329889105","","","Unverified","Not checked","IMPORTED"
15,"AB Boss Car Wash & Detailing","Car Wash","3415 Jeanetta St, Houston, TX 77063, United States","+12109561338","","","Unverified","Not checked","IMPORTED"
16,"Masters hand Car Wash","Car Wash","12918 Bellaire Blvd, Houston, TX 77072, United States","+18328898355","","","Unverified","Not checked","IMPORTED"
17,"Houston Car Salon","Car Wash","1340 N Shepherd Dr, Houston, TX 77008, United States","+17135057477","","","Unverified","Not checked","IMPORTED"
18,"Superior Texas Car Wash & Lube","Car Wash","7920 S Texas 6, Houston, TX 77083, United States","+12814983228","","","Unverified","Not checked","IMPORTED"
19,"Carwash a domicilio","Car Wash","7318 Le Havre Rd, Houston, TX 77033, United States","+17134050361","","","Unverified","Not checked","IMPORTED"
20,"Monarca Lawn service","Lawn Care","13203 Vista Oro Dr, Houston, TX 77041, United States","+18322072789","","","Unverified","Not checked","IMPORTED"
21,"Rogelio & Jean Moreno Lawn Services","Lawn Care","8402 Leamont Dr, Houston, TX 77072, United States","+17132981807","","","Unverified","Not checked","IMPORTED"
22,"Texas Clean Cut, Precision Masters, LLC","Lawn Care","500 Cravens Rd, Missouri City, TX 77489, United States","+17139028721","","","Unverified","Not checked","IMPORTED"
23,"Ecoscape Luxury Innovations LLC","Lawn Care","17350 Texas 249 Access Rd #220, Houston, TX 77064, United States","+19362422339","","","Unverified","Not checked","IMPORTED"
24,"LawnCare Houston","Lawn Care","2015 Marlberry Ln, Houston, TX 77084, United States","+18327625179","","","Unverified","Not checked","IMPORTED"
25,"Cervantes Landscaping services","Lawn Care","11531 Mulholland Dr, Stafford, TX 77477, United States","+18322978420","","","Unverified","Not checked","IMPORTED"
26,"100% Tree & Lawn Care LLC","Lawn Care","4009 Woodfin St, Houston, TX 77025, United States","+18327852750","","","Unverified","Not checked","IMPORTED"
27,"Greater Houston Lawn Services","Lawn Care","6625 Breen Dr, Houston, TX 77086, United States","+17138943936","","","Unverified","Not checked","IMPORTED"
28,"Will’s Lawn Maintenance","Lawn Care","8411 Ponnel Ln, Houston, TX 77088, United States","+12817436887","","","Unverified","Not checked","IMPORTED"
29,"Rogelio Ortega Lawn Services","Lawn Care","Houston, TX 77002, United States","+18328033506","","","Unverified","Not checked","IMPORTED"
30,"Mow Stars Lawn Service","Lawn Care","6245 Brookhill Dr #5, Houston, TX 77087, United States","+12815470078","","","Unverified","Not checked","IMPORTED"
31,"Kingdom Lawn Care","Lawn Care","711 Milby St #36, Houston, TX 77023, United States","+18323418700","","","Unverified","Not checked","IMPORTED"
32,"B&A LAWN CARE","Lawn Care","6607 Soledad Dr, Houston, TX 77083, United States","+18325260896","","","Unverified","Not checked","IMPORTED"
33,"Perry Brothers Roof Repair","Roofing","10857 Scarsdale Blvd, Houston, TX 77089, United States","+19365367100","","","Unverified","Not checked","IMPORTED"
34,"Wright Brothers Roofing","Roofing","5803 Gulf Fwy, Houston, TX 77023, United States","+19362097110","","","Unverified","Not checked","IMPORTED"
35,"Universal Roofing & Restoration","Roofing","9110 Clarkcrest St Ste. 720, Houston, TX 77063, United States","+12816165842","","","Unverified","Not checked","IMPORTED"
36,"Ruben's Window TinT LLC","Roofing","3927 Telephone Rd #2, Houston, TX 77023, United States","+18322025899","","","Unverified","Not checked","IMPORTED"
37,"Exclusive Window Tint","Roofing","12769 Beechnut St Suite A400, Houston, TX 77072, United States","+12814080474","","","Unverified","Not checked","IMPORTED"
38,"Shark Tint","Roofing","6210 S Dairy Ashford Rd Unit A8, Houston, TX 77072, United States","+18328700527","","","Unverified","Not checked","IMPORTED"
39,"Sun Cap Auto Tint of Houston","Roofing","132 Magic Oaks Dr, Spring, TX 77388, United States","+12815288468","","","Unverified","Not checked","IMPORTED"
40,"Fx Window tint stereo alarms car audio","Roofing","11649 TX-249 #600, Houston, TX 77086, United States","+18327686256","","","Unverified","Not checked","IMPORTED"
41,"Window tint and graphics","Roofing","2220 Aldine Mail Rte Rd, Houston, TX 77039, United States","+13462758126","","","Unverified","Not checked","IMPORTED"
42,"Auto tint","Roofing","11293 Fuqua St, Houston, TX 77089, United States","+12819792093","","","Unverified","Not checked","IMPORTED"
43,"Night window tint","Roofing","10301 Fulton St, Houston, TX 77076, United States","+18328445555","","","Unverified","Not checked","IMPORTED"
44,"Tint King","Roofing","4411 Hull St, Houston, TX 77021, United States","+17137410303","","","Unverified","Not checked","IMPORTED"
45,"HTOWN TINT (we come to you )","Roofing","2522 Berry Rd, Houston, TX 77093, United States","+17134162825","","","Unverified","Not checked","IMPORTED"
46,"LUXURY CUSTOMZ WINDOW TINT","Roofing","9700 Almeda Genoa Rd #108, Houston, TX 77075, United States","+18325461890","","","Unverified","Not checked","IMPORTED"
47,"Exclusive King's Window Tint.Behind the building.","Roofing","5090 Griggs Rd, Houston, TX 77021, United States","+18327242493","","","Unverified","Not checked","IMPORTED"
48,"D E Mobile Window Tint & Alarms","Roofing","11340 Beechnut St, Houston, TX 77072, United States","+12815615141","","","Unverified","Not checked","IMPORTED"
49,"GT CAR STEREO ALARMS AND WINDOW TINT","Roofing","6521 Bissonnet St, Houston, TX 77074, United States","+12818883942","","","Unverified","Not checked","IMPORTED"
50,"Exclusive King's Window Tint #2","Roofing","13311 Cullen Blvd, Houston, TX 77047, United States","+13466104511","","","Unverified","Not checked","IMPORTED"
51,"Joes Auto","Roofing","4004 S Texas 6, Houston, TX 77082, United States","+18328763057","","","Unverified","Not checked","IMPORTED"
52,"ATLAS WINDOW TINT","Roofing","1712 W Dallas St Ste F, Houston, TX 77019, United States","+18324332830","","","Unverified","Not checked","IMPORTED"
53,"Back Ally Tint LLC","Roofing","6019 Fitzhugh St, Houston, TX 77028, United States","+17132066327","","","Unverified","Not checked","IMPORTED"
54,"Sun Control Window Tinting","Roofing","Houston, TX 77015, United States","+12818570398","","","Unverified","Not checked","IMPORTED"
55,"East West auto tint","Roofing","12419 Zavalla St, Houston, TX 77085, United States","+18323432633","","","Unverified","Not checked","IMPORTED"
56,"JC Window Tinting","Roofing","7024 Capitol St, Houston, TX 77011, United States","+18322758166","","","Unverified","Not checked","IMPORTED"
57,"King Tint","Roofing","6821 Allegheny St Ste E, Houston, TX 77021, United States","+18328294557","","","Unverified","Not checked","IMPORTED"
58,"Reed's Window Tint","Roofing","4400 S Loop E, Houston, TX 77033, United States","+18328750506","","","Unverified","Not checked","IMPORTED"
59,"High Performance Tint","Roofing","1302 Missouri St, South Houston, TX 77587, United States","+18325187266","","","Unverified","Not checked","IMPORTED"
60,"Exclusive Mobile Tinting (Curtis Hart) CEO/ owner","Roofing","2007 Deerhurst Ln, Houston, TX 77088, United States","+13462645631","","","Unverified","Not checked","IMPORTED"
61,"cruz window tint","Roofing","9020 Airline Dr, Houston, TX 77037, United States","+18325719208","","","Unverified","Not checked","IMPORTED"
62,"pancho's window tint","Roofing","3404 Vivian Rd, Houston, TX 77093, United States","+18324809290","","","Unverified","Not checked","IMPORTED"
63,"High RollerZ Car Audio","Roofing","816 Berry Rd, Houston, TX 77022, United States","+17133737867","","","Unverified","Not checked","IMPORTED"
64,"Mr. Tires & Window Tint","Roofing","9423 Bauman Rd, Houston, TX 77076, United States","+12818772528","","","Unverified","Not checked","IMPORTED"
65,"Window tint griggs","Roofing","5105 Griggs Rd, Houston, TX 77021, United States","+18322986757","","","Unverified","Not checked","IMPORTED"
66,"Ernest Tint Shop","Roofing","203 E Lorino St, Houston, TX 77037, United States","+17136920992","","","Unverified","Not checked","IMPORTED"
67,"Ernie’s glass tinting","Roofing","851 Federal Rd, Houston, TX 77015, United States","+17132526984","","","Unverified","Not checked","IMPORTED"
68,"katy car tint","Roofing","5603 Hwy Blvd d, Katy, TX 77494, United States","+12819953305","","","Unverified","Not checked","IMPORTED"
69,"David Tint","Roofing","2950 Shaver St Ste C-1, Pasadena, TX 77502, United States","+18328985467","","","Unverified","Not checked","IMPORTED"
70,"Window Tint Ceramic","Roofing","10125 Telephone Rd, Houston, TX 77075, United States","+12818460896","","","Unverified","Not checked","IMPORTED"
71,"Sierra Vista Realty, LLC","Roofing","6633 Gulf Fwy, Houston, TX 77087, United States","+18328951618","","","Unverified","Not checked","IMPORTED"
72,"Carlos Garcia Realty Comm","Roofing","5731 Gulf Fwy #100, Houston, TX 77023, United States","+17139285211","","","Unverified","Not checked","IMPORTED"
73,"Stephany Pacheco casas nuevas | Houston Texas","Roofing","1223 Antoine Dr, Houston, TX 77055, United States","+12812362612","","","Unverified","Not checked","IMPORTED"
74,"United Real Estate: Hena Malkani","Roofing","3131 Briarpark Dr #125, Houston, TX 77042, United States","+12818710456","","","Unverified","Not checked","IMPORTED"
75,"Jay Bustos | Houston Realtor | Bustos Properties Group","Roofing","4265 San Felipe St #800, Houston, TX 77027, United States","+18325424037","","","Unverified","Not checked","IMPORTED"
76,"First Aid Plumbing Specialist","Roofing","1126 W 26th St, Houston, TX 77008, United States","+18322793065","","","Unverified","Not checked","IMPORTED"
77,"Josiah & Sons Plumbers","Roofing","5074 Griggs Rd #4200, Houston, TX 77021, United States","+13462391950","","","Unverified","Not checked","IMPORTED"
78,"Perez Plumbing","Roofing","516 King St, Houston, TX 77022, United States","+17132254341","","","Unverified","Not checked","IMPORTED"
79,"Arm Plumbing Co.","Roofing","200 Garrotsville St, Houston, TX 77022, United States","+17136947836","","","Unverified","Not checked","IMPORTED"
80,"U-Plumb-It","Roofing","1424 Montrose Blvd, Houston, TX 77019, United States","+17139422277","","","Unverified","Not checked","IMPORTED"
81,"Pacheco Carpenter Services","Roofing","5917 Indigo St, Houston, TX 77074, United States","+18327154877","","","Unverified","Not checked","IMPORTED"
82,"Pro Carpentry","Roofing","8521 Mosley Rd Unit 5, Houston, TX 77075, United States","+17138758313","","","Unverified","Not checked","IMPORTED"
83,"Gomez carpenter and construction","Roofing","31 Dipping Ln, Houston, TX 77076, United States","+17133781348","","","Unverified","Not checked","IMPORTED"
84,"J&j carpentry","Roofing","8133 Gallahad St, Houston, TX 77078, United States","+18328897075","","","Unverified","Not checked","IMPORTED"
85,"INMA Custom Carpentry","Roofing","5219 Hardway St, Houston, TX 77092, United States","+18323560307","","","Unverified","Not checked","IMPORTED"
86,"Perdomos Woodwork Carpentry","Roofing","8950 Westpark Dr, Houston, TX 77063, United States","+18325163065","","","Unverified","Not checked","IMPORTED"
87,"MadesaCustom Cabinets","Roofing","1974 Sugar Pine Cir, Houston, TX 77090, United States","+18329101349","","","Unverified","Not checked","IMPORTED"
88,"Innova Custom Cabinets DBA","Roofing","5813 Cobalt St, Houston, TX 77016, United States","+12817484019","","","Unverified","Not checked","IMPORTED"
89,"Zelayaconstruction","Roofing","11023 Landsbury Ct, Houston, TX 77099, United States","+12818022559","","","Unverified","Not checked","IMPORTED"
90,"Kirk Furniture and Cabinetry Restoration","Roofing","6102 Milwee St Ste. R, Houston, TX 77092, United States","+16018315496","","","Unverified","Not checked","IMPORTED"
91,"LG Carpenter's LLC","Roofing","220 Eastwood St, Houston, TX 77011, United States","+18325888896","","","Unverified","Not checked","IMPORTED"
92,"Quiroz's carpenter","Roofing","6342 Ludington Dr, Houston, TX 77035, United States","+12816906866","","","Unverified","Not checked","IMPORTED"
93,"Coronado Cabinets LLC","Roofing","2616 Elysian St, Houston, TX 77009, United States","+18328146232","","","Unverified","Not checked","IMPORTED"
94,"Got Carpenter LLC","Roofing","10625 Duncum St, Houston, TX 77013, United States","+12817458633","","","Unverified","Not checked","IMPORTED"
95,"AB MILLWORK","Roofing","7204 Boyce St, Houston, TX 77020, United States","+17139418174","","","Unverified","Not checked","IMPORTED"
96,"BC Woodwork","Roofing","4426 Pinemont Dr, Houston, TX 77018, United States","+17135458506","","","Unverified","Not checked","IMPORTED"
97,"Taller de carpintería","Roofing","Houston, TX 77032, United States","+14099958805","","","Unverified","Not checked","IMPORTED"
98,"KBG Barbershop","Roofing","519 N Sam Houston Pkwy E Building 519, 3rd floor, Room, #355, Houston, TX 77060, United States","+18329897577","","","Unverified","Not checked","IMPORTED"
99,"Elegant Fade Barbershop","Roofing","1454 Wilcrest Dr, Houston, TX 77042, United States","+18326186438","","","Unverified","Not checked","IMPORTED"
100,"Mike's Barber Shop","Roofing","3332 Chimney Rock Rd, Houston, TX 77056, United States","+17139720431","","","Unverified","Not checked","IMPORTED"
101,"Nik Shipping and Logistics","Website Design / Redesign","London, Eng E2 0Aa","+447806693559","info@nikshipping.com","http://www.nikshipping.com/","Unverified","Supplied","RFI_INBOUND"
102,"Best House Buyer","Website Design / Redesign","London, Eng W1w 7Lt","+448000487528","info@besthousebuyer.co.uk","https://www.besthousebuyer.co.uk/","Unverified","Supplied","RFI_INBOUND"
103,"Blogging and Best-Selling Introduction","Website Design / Redesign","London Se8 4Hh","+447399803782","","https://thetopwebhosts.com/","Unverified","Not supplied","RFI_INBOUND"
104,"Lynx London","Website Design / Redesign","London, Eng W1s 1Hs","+447899931885","contact@lynxlondon.com","http://lynxlondon.com/","Unverified","Supplied","RFI_INBOUND"
105,"Hspg","Website Design / Redesign","Manchester, Eng M12 6PN","+441618206559","hello@hspg.co.uk","https://hspg.co.uk/","Unverified","Supplied","RFI_INBOUND"
106,"Mda Consulting","Website Design / Redesign","Birmingham, West Midlands B2 5NY","0121 233 3839","","http://www.mdaconsulting.co.uk","Unverified","Not supplied","RFI_INBOUND"
107,"Prime Estates","Website Design / Redesign","Birmingham, Eng B25 8Ur","+441217833422","castlebromwich@primeestatesuk.com","https://www.primeestatesuk.com/","Unverified","Supplied","RFI_INBOUND"
108,"UK Mail Courier","Website Design / Redesign","Leeds, Eng LS27 7JQ","+441133074860","","http://www.ukmail.com","Unverified","Not supplied","RFI_INBOUND"
109,"View Properties","Real estate firms & property managers","London, Eng E1 6Px","+442036890332","info@viewpropertiesuk.com","http://www.viewpropertiesuk.com","Unverified","Supplied","Replied"
110,"Best House Buyer","Client-stated buyer types","London, Eng W1w 7Lt","+448000487528","info@besthousebuyer.co.uk","https://www.besthousebuyer.co.uk/","Unverified","Supplied","Clicked"
111,"Blogging and Best-Selling Introduction","Client-stated buyer types","London Se8 4Hh","+447399803782","","https://thetopwebhosts.com/","Unverified","Not supplied","Clicked"
112,"Hspg","Client-stated buyer types","Manchester, Eng M12 6PN","+441618206559","hello@hspg.co.uk","https://hspg.co.uk/","Unverified","Supplied","Clicked"
113,"Lynx London","Real estate firms & property managers","London, Eng W1s 1Hs","+447899931885","contact@lynxlondon.com","http://lynxlondon.com/","Unverified","Supplied","Clicked"
114,"Mda Consulting","Real estate firms & property managers","Birmingham, West Midlands B2 5NY","0121 233 3839","","http://www.mdaconsulting.co.uk","Unverified","Not supplied","Clicked"
115,"Nik Shipping and Logistics","Logistics, freight & courier operators","London, Eng E2 0Aa","+447806693559","info@nikshipping.com","http://www.nikshipping.com/","Unverified","Supplied","Clicked"
116,"Prime Estates","Real estate firms & property managers","Birmingham, Eng B25 8Ur","+441217833422","castlebromwich@primeestatesuk.com","https://www.primeestatesuk.com/","Unverified","Supplied","Clicked"
117,"UK Mail Courier","Logistics, freight & courier operators","Leeds, Eng LS27 7JQ","+441133074860","","http://www.ukmail.com","Unverified","Not supplied","Clicked"
118,"1 Residential Estate Agents","Real estate firms & property managers","Greater London Sw17 0Lz","+442086722220","","http://www.1residential.co.uk","Unverified","Not supplied","Message delivered"
119,"2Square","Client-stated buyer types","London, Eng W1k 1Qw","+447856848456","info@2squ4re.co.uk","http://www.2squ4re.co.uk/","Unverified","Supplied","Message delivered"
120,"A G and G","Client-stated buyer types","London, Eng Wc2r 0Jh","+442078367826","info@agg.uk.com","https://agg.uk.com/","Unverified","Supplied","Message delivered"
121,"AB-Flatmate","Real estate firms & property managers","London, Eng Nw11 8Ed","+442081414426","contact@ab-flatmate.com","http://www.ab-flatmate.com/","Unverified","Supplied","Message delivered"
122,"Abacus Express","Logistics, freight & courier operators","Leeds, Eng Ls3 1Jp","+441132435765","","http://www.abacusexpress.co.uk","Unverified","Not supplied","Message delivered"
123,"Abode Leeds","Real estate firms & property managers","Leeds, Eng Ls6 1Ny","+441132748142","info@abodeleeds.co.uk","https://abodeleeds.co.uk/","Unverified","Supplied","Message delivered"
124,"Abs Transport","Logistics, freight & courier operators","London, Eng N8 9Dg","+442083413007","info@abstransport.co.uk","http://www.abstransport.co.uk","Unverified","Supplied","Message delivered"
125,"Absolute Living","Real estate firms & property managers","London, Eng Sw11 3Js","+442071011636","hello@absoluteliving.co.uk","http://www.absoluteliving.co.uk/","Unverified","Supplied","Message delivered"
126,"Acorn Property Invest","Client-stated buyer types","London, Eng N8 8Sx","+442038589881","investor.services@acornpg.org","https://www.acornpropertyinvest.com/","Unverified","Supplied","Message delivered"
127,"Adair Paxton","Real estate firms & property managers","Leeds, West Yorkshire Ls1 3Ax","+441133917100","","http://www.adairpaxton.co.uk","Unverified","Not supplied","Message delivered"
128,"Adi Tradesmen Group","Client-stated buyer types","Manchester, Eng M2 2Jt","+447754619501","info@aditradesmengroup.co.uk","http://www.aditradesmengroup.co.uk/","Unverified","Supplied","Message delivered"
129,"Admiral Property Partnership","Real estate firms & property managers","London, Eng Nw3 5Be","+442074311133","app@admiral-property.co.uk","http://www.admiral-property.co.uk","Unverified","Supplied","Message delivered"
130,"Agent Hub","Client-stated buyer types","London, Eng Ec3v 9Lj","+442036376811","info@agenthubltd.com","http://agenthubltd.com/","Unverified","Supplied","Message delivered"
131,"Akai Homes","Real estate firms & property managers","London, Eng Ec1v 9Bd","+442071014482","sales@akaihomes.co.uk","http://www.akaihomes.co.uk/","Unverified","Supplied","Message delivered"
132,"Alexander Charles & Browne","Real estate firms & property managers","London, Eng Se23 3Hn","+442086130775","","http://www.acb-london.com/","Unverified","Not supplied","Message delivered"
133,"Alexander Seymour","Real estate firms & property managers","London, Eng Sw16 6Sq","+442087697900","furzedown@alexanderseymour.co.uk","https://www.alexanderseymour.co.uk/","Unverified","Supplied","Message delivered"
134,"Alexandra Mane Properties","Client-stated buyer types","London, Eng E13 9Pj","+442038650216","muhaimen@alexandramane.com","http://www.alexandramane.com/","Unverified","Supplied","Message delivered"
135,"Allan Howard & Co","Real estate firms & property managers","Greater London Ha3 8Al","+442089072525","","http://www.allanhoward.co.uk","Unverified","Not supplied","Message delivered"
136,"Allison Lodge","Client-stated buyer types","London N14 6Jt","+442089207840","","http://www.allisonlodge.co.uk/","Unverified","Not supplied","Message delivered"
137,"Als","SME / startup buyers (general B2B)","Birmingham B11 2Be","+441217653080","","http://www.alsuk.com/","Unverified","Not supplied","Message delivered"
138,"Alsomavic Cargo","Logistics, freight & courier operators","London, Eng Nw10 1Bj","+447957945745","alsomavic@aim.com","https://alsomavic.com/promo/","Unverified","Supplied","Message delivered"
139,"Amberden Estates","Real estate firms & property managers","London, Eng Nw3 2Sb","+442077947794","hello@amberden.co.uk","http://amberden.co.uk/","Unverified","Supplied","Message delivered"
140,"Amity Estates","Real estate firms & property managers","London, Eng Se6 2Ew","+442083141411","","http://www.amityestates.co.uk/","Unverified","Not supplied","Message delivered"
141,"Ample Properties & Finance","Real estate firms & property managers","London, Eng E1 2Lx","+442074881140","admin@ampleproperties.co.uk","http://www.ampleproperties.co.uk/","Unverified","Supplied","Message delivered"
142,"Anderson Associates","Real estate firms & property managers","Greater London Sw1e 5Hx","+442076309342","","http://www.andersonandassociates.co.uk","Unverified","Not supplied","Message delivered"
143,"Andrew Stevens","Real estate firms & property managers","Greater London En1 1Bj","+442083638888","","http://www.andrew-stevens.co.uk","Unverified","Not supplied","Message delivered"
144,"Angel Homes","Real estate firms & property managers","Glasgow, Sct G74 4Jh","+441355206747","sales@angel-homes.co.uk","http://www.angel-homes.co.uk/","Unverified","Supplied","Message delivered"
145,"Anglo Homes","Real estate firms & property managers","Greater Manchester M21 7Gj","+441618610060","","http://www.anglohomes.co.uk","Unverified","Not supplied","Message delivered"
146,"Annandvilla","Real estate firms & property managers","London, Eng W8 4Db","+442073683390","enquiries@annandvilla.co.uk","http://www.annandvilla.co.uk/","Unverified","Supplied","Message delivered"
147,"Anthony Allen Estate Agents","Real estate firms & property managers","London, Eng Se2 0Et","+442083107349","info@anthonyallenestates.co.uk","https://www.anthonyallenestates.co.uk/","Unverified","Supplied","Message delivered"
148,"Anthony Fieldhouse & Co","Real estate firms & property managers","Greater London W5 5Rg","+442088130202","","http://www.afsurvey.co.uk","Unverified","Not supplied","Message delivered"
149,"Anton Page","Client-stated buyer types","London, Eng Ec1v 3Ap","+442073361313","commercial@antonpage.com","http://www.antonpage.com","Unverified","Supplied","Message delivered"
150,"Apartmentwharf","Real estate firms & property managers","London Ec1v 2Nx","+442038684444","","https://www.apartmentwharf.com/","Unverified","Not supplied","Message delivered"
151,"Arab Cargo","Logistics, freight & courier operators","Greater London Sw5 9As","+442079120055","","http://www.arabcargo.co.uk","Unverified","Not supplied","Message delivered"
152,"Arete Research","SME / startup buyers (general B2B)","London Ec1r 4Rg","+442079591300","","http://www.arete.net/","Unverified","Not supplied","Message delivered"
153,"Argant Estates","Real estate firms & property managers","London, Eng Ec2a 4Ne","+442045380097","info@argantestates.co.uk","https://www.argantestates.co.uk/lettings-and-managment/","Unverified","Supplied","Message delivered"
154,"Aristx","Real estate firms & property managers","London, Eng W1s 4Jl","+442030305054","hello@aristx.uk","https://aristx.uk/","Unverified","Supplied","Message delivered"
155,"Arlington Rouse","Real estate firms & property managers","London, Eng Sw5 9Jf","+442076842852","","http://www.arlingtonrouse.com/","Unverified","Not supplied","Message delivered"
156,"Art Division - Digital Marketing for Estate Agents","Professional services (law, accounting, consultancies)","Greater London Sw19 5Ee","+442085434320","nelly@artdivision.co.uk","http://www.artdivision.co.uk","Unverified","Supplied","Message delivered"
157,"Artbees","SME / startup buyers (general B2B)","London Se13 5Jx","+442071836797","","http://www.artbees.co.uk/","Unverified","Not supplied","Message delivered"
158,"Asha Freight","Logistics, freight & courier operators","Greater Manchester M4 6De","+441612057842","","http://www.ashafreight.com","Unverified","Not supplied","Message delivered"
159,"Asset for Life","Client-stated buyer types","London, Eng Wc2a 2Jr","+443335670599","info@assetforlife.co.uk","http://www.assetforlife.co.uk/","Unverified","Supplied","Message delivered"
160,"Assisted Solutions","SME / startup buyers (general B2B)","Birmingham B3 1Rb","+447912183252","","https://www.assisted-solutions.com/","Unverified","Not supplied","Message delivered"
161,"Assure Move Estate Agents","Real estate firms & property managers","London, Eng N20 9HR","+442039712294","info@assure-move.co.uk","http://www.assure-move.co.uk/","Unverified","Supplied","Message delivered"
162,"Atkinson McLeod Wapping","Real estate firms & property managers","London, Eng E1 8Ey","+442074885050","info@atkinsonmcleod.com","http://www.atkinsonmcleod.com/","Unverified","Supplied","Message delivered"
163,"Atlas Estates","Client-stated buyer types","London, Eng Nw10 0Dg","+442084506931","info@homeatlas.co.uk","http://www.homeatlas.co.uk/","Unverified","Supplied","Message delivered"
164,"August Real Estate","Client-stated buyer types","London, Eng W1f 9Jb","+447900903563","rg@august-re.co.uk","http://august-re.co.uk/","Unverified","Supplied","Message delivered"
165,"Avamore Capital","Client-stated buyer types","London, Eng Ec4n 6Hl","+442034409651","enquiries@avamorecapital.com","http://avamorecapital.com/","Unverified","Supplied","Message delivered"
166,"Ayg Property Investment","Client-stated buyer types","London, Eng W1s 4Pn","+442038835498","hello@aygproperty.co.uk","http://www.aygproperty.co.uk/","Unverified","Supplied","Message delivered"
167,"Ayup Digital","Professional services (law, accounting, consultancies)","Leeds, West Yorkshire Ls1 4Ht","+441422417335","","http://www.ayup.agency","Unverified","Not supplied","Message delivered"
168,"Azure Residential","Real estate firms & property managers","Birmingham, Eng B19 3Nx","+441216301491","sales@azureresidential.com","http://www.azureresidential.com/","Unverified","Supplied","Message delivered"
169,"B Cargo: UK টু বাংলাদেশে কার্গো পাঠান ও আনুন","Logistics, freight & courier operators","London, Eng E3 2Rn","+442080902414","infobcargo@gmail.com","http://www.bcargo.co.uk/","Unverified","Supplied","Message delivered"
170,"Bale and Anchor","Client-stated buyer types","London, Eng Br1 4Ju","+442039833232","hello@baleandanchor.com","https://www.baleandanchor.com/","Unverified","Supplied","Message delivered"
171,"Barbara Gibson Properties","Real estate firms & property managers","Greater London N6 5Ua","+442083483064","","http://www.bgibson.co.uk","Unverified","Not supplied","Message delivered"
172,"Barminster Property Services","Real estate firms & property managers","London, Eng N17 9Sy","+442088018110","","http://www.barminsterproperties.co.uk/","Unverified","Not supplied","Message delivered"
173,"Basf Metals","SME / startup buyers (general B2B)","London Ec2n 4Ay","+442073982500","","https://catalysts.basf.com/","Unverified","Not supplied","Message delivered"
174,"Bayside Technology Group","Client-stated buyer types","London Ec4n 5Au","","","https://www.baysidetechnology.com.au/","Unverified","Not supplied","Message delivered"
175,"Bds Properties","Real estate firms & property managers","London, Eng N15 4Jl","+442031986644","info@bdsproperties.co.uk","http://bdsproperties.co.uk/","Unverified","Supplied","Message delivered"
176,"Beaufort House","Client-stated buyer types","London, Eng Ec3a 7Bb","","","https://www.beauforthouse.co.uk","Unverified","Not supplied","Message delivered"
177,"Beaumont Coleman","Client-stated buyer types","London, Eng Ec2r 5Bj","+442076538888","","http://www.beaumont-uk.com/","Unverified","Not supplied","Message delivered"
178,"Bentley Hurst","Real estate firms & property managers","Manchester, Eng M1 5Nd","+441615430310","info@bentleyhurst.co.uk","http://www.bentleyhurst.co.uk/","Unverified","Supplied","Message delivered"
179,"Bismilla Property","Real estate firms & property managers","London, Eng E13 9Er","+442085866779","info@bismillaproperty.com","http://www.bismillaproperty.com/","Unverified","Supplied","Message delivered"
180,"Blake & Co Estate Agency","Real estate firms & property managers","London, Eng Ec1v 2Nj","+442078560103","enquiries@blakeandco.uk","https://blakeandco.uk/","Unverified","Supplied","Message delivered"
181,"Blayze Group","Real estate firms & property managers","Greater London Ec3r 5Dd","+442073377500","","http://www.blayzegroup.com","Unverified","Not supplied","Message delivered"
182,"Blend Network","Client-stated buyer types","London, Eng W1w 6Yf","+442034093300","enquiries@blendnetwork.com","http://www.BlendNetwork.com/","Unverified","Supplied","Message delivered"
183,"Bnp Paribas Real Estate - Commercial Property Agents London West End","Client-stated buyer types","London W1j 5Lf","+442076297282","","https://www.realestate.bnpparibas.co.uk/west-end","Unverified","Not supplied","Message delivered"
184,"Böhm","Real estate firms & property managers","Manchester, Eng M2 4Wq","+441617061816","hello@bohm.uk","http://www.bohm.uk/","Unverified","Supplied","Message delivered"
185,"Botley Byrne UK","Real estate firms & property managers","Greater London W1s 1Bn","+442031788098","","http://www.botleybyrne.co.uk","Unverified","Not supplied","Message delivered"
186,"Bounce Creative Designs","SME / startup buyers (general B2B)","London Se13 5Ns","+442083189603","","http://www.promo-brand.co.uk/","Unverified","Not supplied","Message delivered"
187,"Brecker Grossmith","Client-stated buyer types","London, Eng W1u 1Bq","+442074863531","reception@breckergrossmith.co.uk","http://www.breckergrossmith.co.uk/contactus/","Unverified","Supplied","Message delivered"
188,"Brenda’s Aparthotel London","Real estate firms & property managers","London, Eng Se1 6","+447719805750","brendasaparthotellondon@gmail.com","https://brendasaparthotellondon.co.uk/","Unverified","Supplied","Message delivered"
189,"Briar Homes","Client-stated buyer types","Glasgow, Sct G2 5Qd","+441412291646","briarinfo@briar-homes.co.uk","http://briar-homes.co.uk/","Unverified","Supplied","Message delivered"
190,"Bridge Builders Ministries","Professional services (law, accounting, consultancies)","Greater London N10 1Aq","+442088833033","","http://www.bbministries.org.uk","Unverified","Not supplied","Message delivered"
191,"Brown Cargo","Logistics, freight & courier operators","Greater London Se7 8Nq","+442088535035","","http://www.brownscargo.com","Unverified","Not supplied","Message delivered"
192,"Bruce","Real estate firms & property managers","London Nw1 8Af","+442072676772","","http://www.brucecommercial.co.uk/","Unverified","Not supplied","Message delivered"
193,"Building Clean","Professional services (law, accounting, consultancies)","Greater London N15 3Eh","+447896095991","info@buildingcleanlondon.co.uk","http://buildingcleanlondon.co.uk","Unverified","Supplied","Message delivered"
194,"Butler & Stag","Client-stated buyer types","London Ec2a 3Aa","+442076135550","","http://www.butlerandstag.com/results.asp?branch=butlerandstag&pricelow=0&searchurl=%2fdefault.asp%3f&pricehigh=0&market=1&pricetype=1&search=search&offset=-1","Unverified","Not supplied","Message delivered"
195,"Buy My House Now","Client-stated buyer types","London, Eng Wc2h 9Jq","+442033420600","enquiries@buysidepropertygroup.com","https://www.buysidepropertygroup.com/","Unverified","Supplied","Message delivered"
196,"Buyletrent","Client-stated buyer types","London, Eng E6 2Ja","+447988527676","buildwithharryconstruct@gmail.com","http://buildwithharry.co.uk/","Unverified","Supplied","Message delivered"
197,"Byselling","Client-stated buyer types","London Wc2h 9Jq","","","http://byselling.com/","Unverified","Not supplied","Message delivered"
198,"C & R Properties","Client-stated buyer types","Manchester M15 5Jh","+441612279990","","http://www.candrproperties.co.uk/","Unverified","Not supplied","Message delivered"
199,"C.h. Peppiatt Estate Agent","Real estate firms & property managers","London Nw3 2Bl","+442074851777","","http://www.ch-p.co.uk/","Unverified","Not supplied","Message delivered"
200,"Caddingtons","Real estate firms & property managers","London, Eng Se1 9Sg","+442071646545","enquiries@caddingtons.com","https://www.caddingtons.com/","Unverified","Supplied","Message delivered"
201,"Cahvol","Real estate firms & property managers","Greater London Ec2a 4Ne","+442038374933","","http://www.cahvol.com","Unverified","Not supplied","Message delivered"
202,"Caledonian Maintenance Services","Real estate firms & property managers","Glasgow, Lanarkshire G51 4Sn","+441414457950","","http://www.caledonianmaintenance.com","Unverified","Not supplied","Message delivered"
203,"Canalside House","Client-stated buyer types","London, Eng W10 5Aa","+442089602826","counciltax@rbkc.gov.uk","http://www.rbkc.gov.uk","Unverified","Supplied","Message delivered"
204,"Capital Heights Estate Agents","Real estate firms & property managers","London, Eng E1 1Du","+442070780077","info@capitalheights.co.uk","http://www.capitalheights.co.uk/","Unverified","Supplied","Message delivered"
205,"Capital Luxe","Real estate firms & property managers","London, Eng Wc2a 1HR","+447923389744","info@capitalluxeuk.com","http://www.capitalluxeuk.com/","Unverified","Supplied","Message delivered"
206,"Capital Real Estate Partners","Professional services (law, accounting, consultancies)","Greater London Ec4n 7HR","+442073675720","","https://www.capitalrep.co.uk","Unverified","Not supplied","Message delivered"
207,"Capital Realty","Client-stated buyer types","London, Eng Nw10 6Re","+442089623444","info@capitalrealtyltd.co.uk","http://www.capitalrealtyltd.co.uk/","Unverified","Supplied","Message delivered"
208,"Capitan - Website Builder & Business Platform","SME / startup buyers (general B2B)","London Ec1v 2Nx","+442080517906","","https://capitan.website/","Unverified","Not supplied","Message delivered"
209,"Cargo Warehouse","Logistics, freight & courier operators","London, Eng E7 9Lw","+442074262020","sales@cargowarehouse.co.uk","http://cargowarehouse.co.uk/","Unverified","Supplied","Message delivered"
210,"Carlton Gate Marketing","Client-stated buyer types","London, Eng W9 3Ty","+442072892122","info@carltongate.com","http://www.wspld.org.uk/","Unverified","Supplied","Message delivered"
211,"Carrington Thorn","Real estate firms & property managers","Birmingham, Eng B3 3Hn","+441216827872","info@carringtonthorn.com","http://www.carringtonthorn.com/","Unverified","Supplied","Message delivered"
212,"Cash House Buyer Guru","Real estate firms & property managers","Manchester, Eng M2 4Wq","","","https://cashhousebuyerguru.com/","Unverified","Not supplied","Message delivered"
213,"Caspian Giles","Real estate firms & property managers","London, Eng Sw6 2Te","+442071238406","info@caspiangiles.com","https://caspiangiles.com/","Unverified","Supplied","Message delivered"
214,"Catered Ski Chalets","SME / startup buyers (general B2B)","London Sw6 6Aw","+442030800202","","http://www.catered-ski-chalets.co.uk/","Unverified","Not supplied","Message delivered"
215,"Cavendish Gardens","Client-stated buyer types","London, Eng Tw4 7Bj","+442045714351","","https://www.fabrica.co.uk/cavendish-gardens-hounslow-tw4","Unverified","Not supplied","Message delivered"
216,"Cavendish Investments","Client-stated buyer types","London, Eng W2 3Qa","+442072625277","","http://www.cavendishinvestments.com/","Unverified","Not supplied","Message delivered"
217,"Cbs Properties Small Heath","Real estate firms & property managers","Birmingham, West Midlands B10 0Sw","+441217668636","","http://www.cbsproperties.co.uk/","Unverified","Not supplied","Message delivered"
218,"Cdg Leisure","Client-stated buyer types","London, Eng W1d 3","+442071005520","","http://cdgleisure.com/","Unverified","Not supplied","Message delivered"
219,"Chapeltons Estate Agents","Real estate firms & property managers","Greater London Sw3 4Hn","+442073511686","","http://www.chapeltons.com","Unverified","Not supplied","Message delivered"
220,"Charlie Everest","Client-stated buyer types","London, Eng W6 0","+447703983480","charlie@clarewoodcapital.com","http://www.clarewoodcapital.com/","Unverified","Supplied","Message delivered"
221,"Charringtons","Real estate firms & property managers","London, Eng Nw9 7Aa","+442071124852","lettings@charringtons.london","https://www.charringtons.london/","Unverified","Supplied","Message delivered"
222,"Chasemore Property","Real estate firms & property managers","London, Eng Sw1w 9Bj","+442030430022","","http://www.chasemoreproperty.com","Unverified","Not supplied","Message delivered"
223,"Circus Ppc Agency","Client-stated buyer types","Leeds Ls1 4Dp","+441138877285","","https://circusppc.com/","Unverified","Not supplied","Message delivered"
224,"City Accommodations Re","Client-stated buyer types","London, Eng Ec4a 3Dl","+442036374458","","http://www.cityaccommodations.co.uk/","Unverified","Not supplied","Message delivered"
225,"City Guardians","Client-stated buyer types","London, Eng Ec1v 2Nx","+442035765364","hello@cityguardians.co.uk","https://www.cityguardians.co.uk/","Unverified","Supplied","Message delivered"
226,"City Prime Properties","Real estate firms & property managers","London, Eng W1s 4Jl","+442037277977","cpp@cityprimeproperties.co.uk","http://www.cityprimeproperties.co.uk/","Unverified","Supplied","Message delivered"
227,"City Rez","Real estate firms & property managers","London Se13 7Qd","+442086911006","","http://www.cityrezltd.co.uk/","Unverified","Not supplied","Message delivered"
228,"City Rooms","Real estate firms & property managers","London, Eng E1 4","+442077905577","marketingthecityrooms@gmail.com","http://www.cityrooms.com/","Unverified","Supplied","Message delivered"
229,"Claremont Capital","Real estate firms & property managers","Birmingham, West Midlands B3 1Qg","+441212363310","","http://www.claremontcapital.co.uk","Unverified","Not supplied","Message delivered"
230,"Clarke Hillyer","Real estate firms & property managers","Greater London E17 3Al","+442085218875","","http://www.clarkehillyer.co.uk","Unverified","Not supplied","Message delivered"
231,"Cleveland Court","Client-stated buyer types","London, Eng W2 6Dp","+442077061759","","https://www.clevelandresidences.co.uk/","Unverified","Not supplied","Message delivered"
232,"Clifton Property Partners","Real estate firms & property managers","London, Eng W1j 5Lb","+442074095087","info@cliftonpp.com","http://www.cliftonpropertypartners.com/","Unverified","Supplied","Message delivered"
233,"Cobelfreight, Purfleet","Logistics, freight & courier operators","London, Nan","","","https://www.cobelfret.com","Unverified","Not supplied","Message delivered"
234,"Cochrane & Wilson","Client-stated buyer types","London Sw11 1Ss","+442079245444","","http://www.cochraneandwilson.com/","Unverified","Not supplied","Message delivered"
235,"Colin Dean Residential","Real estate firms & property managers","Greater London Ha2 0Pz","+442084225511","","http://www.colindean.com","Unverified","Not supplied","Message delivered"
236,"Comber & Co","Real estate firms & property managers","Greater London Se3 0Ta","+442083189666","","http://www.comberandco.co.uk","Unverified","Not supplied","Message delivered"
237,"Conveyancing Supermarket","Client-stated buyer types","Manchester, Eng M26 2Ut","+443333001870","info@conveyancingsupermarket.com","http://conveyancingsupermarket.com/","Unverified","Supplied","Message delivered"
238,"Copping Joyce","Real estate firms & property managers","Greater London Wc2h 8Jf","+442073795300","","http://www.coppingjoyce.co.uk","Unverified","Not supplied","Message delivered"
239,"Coral Shore Properties","Client-stated buyer types","London, Eng W1t 6Eb","+447388821021","info@coralshoreuk.com","http://www.coralshoreuk.com/","Unverified","Supplied","Message delivered"
240,"Core Citi Lets Glasgow","Real estate firms & property managers","Glasgow, Sct G3 6","+441413328338","info@corecitilets.co.uk","https://www.corecitilets.co.uk/","Unverified","Supplied","Message delivered"
241,"Corporate Recovery Help","Client-stated buyer types","Manchester M2 2An","+44800590003","","http://www.corporaterecoveryhelp.co.uk/manchester-insolvency-practitioners/","Unverified","Not supplied","Message delivered"
242,"Cosar Property and Finance Services","Client-stated buyer types","London, Eng Se9 2Tw","+442088594019","info@cosarproperty.co.uk","http://www.cosarproperty.co.uk/","Unverified","Supplied","Message delivered"
243,"Costa Engineering Surveys","Real estate firms & property managers","Greater London E17 4La","+447882477102","","https://costaengsurveys.com","Unverified","Not supplied","Message delivered"
244,"Coughlan Real Estate","Client-stated buyer types","City of London Sw19 4Bd","+447774417303","hello@coughlanrealestate.com","https://coughlanrealestate.com","Unverified","Supplied","Message delivered"
245,"Coultons Estate Agents","Real estate firms & property managers","London, Eng E4 7Be","+442080900860","hello@coultons.co.uk","http://www.coultons.co.uk/","Unverified","Supplied","Message delivered"
246,"Cound & Co","Real estate firms & property managers","Greater London Sw18 1Ss","+442088771166","","http://www.cound.co.uk","Unverified","Not supplied","Message delivered"
247,"Counterline","SME / startup buyers (general B2B)","Liverpool L34 9Hz","+01515482211","","https://counterline.co.uk/","Unverified","Not supplied","Message delivered"
248,"Countrywide Freight","Logistics, freight & courier operators","Manchester, Eng M17 1Sf","+441618480123","","http://www.countrywide-freight.co.uk","Unverified","Not supplied","Message delivered"
249,"County Private Client","Client-stated buyer types","London, Eng Nw10 2Jj","+442081457010","info@countypropertyagents.com","http://www.countypropertyagents.com/","Unverified","Supplied","Message delivered"
250,"Courtney Joyce","Client-stated buyer types","London, Eng Sw11 3Ly","+442077380900","courtneyjoyce1@aol.com","http://www.courtneyjoyce.com/","Unverified","Supplied","Message delivered"
251,"Cow&Co London","Real estate firms & property managers","London, Eng W4 4Ph","+442080650010","thehub@cowandco-london.com","https://cowandco-london.com/","Unverified","Supplied","Message delivered"
252,"Crestwell Homes","Client-stated buyer types","London, Eng Ec2a 4","+443333201316","info@xohomes.co.uk","http://www.xohomes.co.uk/","Unverified","Supplied","Message delivered"
253,"Crossier Properties","Client-stated buyer types","London, Eng Nw6 4Np","+442076251155","info@crossier.com","http://www.crossier.com/","Unverified","Supplied","Message delivered"
254,"Crown Home Buying & Letting - Luxury Estate Agents London","Client-stated buyer types","London E1w 1Un","+442079036881","","https://www.chbl.uk/","Unverified","Not supplied","Message delivered"
255,"Crown Homes","Client-stated buyer types","Manchester, Eng M11 1Wh","+441618794948","","http://www.crownhomesltd.com/","Unverified","Not supplied","Message delivered"
256,"Crown Records Management","SME / startup buyers (general B2B)","Birmingham B8 1Ah","+448457212177","","https://www.crownrms.com/intl/en-gb/office/birmingham-rms","Unverified","Not supplied","Message delivered"
257,"Curtis and Parker - Hammersmith Estate Agents & Letting Agents","Client-stated buyer types","London W6 9Jt","+442087417100","","https://www.curtisandparker.co.uk/contact-us.html","Unverified","Not supplied","Message delivered"
258,"D Marshall Properties","Client-stated buyer types","Leeds, West Yorkshire Ls17 8Sl","+447734714702","","http://www.leedsindustrialestate.co.uk","Unverified","Not supplied","Message delivered"
259,"D W R","Client-stated buyer types","Glasgow, Lanarkshire G2 6Ts","+441412215254","","http://www.dwrproperty.com","Unverified","Not supplied","Message delivered"
260,"Daker Estates","Real estate firms & property managers","London, Eng Nw1 5Rg","+442077231444","info@daker.co.uk","http://www.daker.co.uk/","Unverified","Supplied","Message delivered"
261,"Daniel Rose Residential","Real estate firms & property managers","London, Lnd N1 9Pf","+442073594493","","https://www.danielrose.net/","Unverified","Not supplied","Message delivered"
262,"David Andrews Homes","Real estate firms & property managers","Manchester, Eng M16 0Bn","+441618606350","","http://www.dahomes.co.uk/","Unverified","Not supplied","Message delivered"
263,"DeGirolami Leeds (DeGirolami UK Ltd.)","SME / startup buyers (general B2B)","Leeds Ls12 6Db","+442087582462","","http://www.degirolami.com/","Unverified","Not supplied","Message delivered"
264,"Delisa Miller","Real estate firms & property managers","Manchester, Eng M15 5Jp","+441612270630","info@delisamiller.co.uk","http://www.delisamiller.co.uk/","Unverified","Supplied","Message delivered"
265,"Dennis Carter","Logistics, freight & courier operators","London W1h 5Aq","+442077233089","","http://www.denniscarter.co.uk/","Unverified","Not supplied","Message delivered"
266,"Deseo","Client-stated buyer types","Glasgow G61 4Bs","+442030049494","","http://www.dentist-seo.co.uk/get-in-touch/","Unverified","Not supplied","Message delivered"
267,"DeVono","Real estate firms & property managers","London, Eng Wc1a 2Sl","+442070969911","info@devono.com","http://www.devono.com/","Unverified","Supplied","Message delivered"
268,"Diamond Logistics Birmingham","Client-stated buyer types","Birmingham B65 0Ry","+441216678283","","https://www.diamondlogistics.co.uk/branches/birmingham-couriers-fulfilment","Unverified","Not supplied","Message delivered"
269,"Diamond Properties","Real estate firms & property managers","Leeds, West Yorkshire Ls6 1Ls","+441132783333","","http://www.diamondproperties.co.uk","Unverified","Not supplied","Message delivered"
270,"Digital Agency Leeds","Client-stated buyer types","Leeds Ls12 1Be","","","https://www.leedsdigital.uk/","Unverified","Not supplied","Message delivered"
271,"Dimensions Forwarding","Logistics, freight & courier operators","London, Eng Sw1p 4Qp","+442034326707","info@dimensions-forwarding.com","http://www.dimensions-forwarding.com/","Unverified","Supplied","Message delivered"
272,"Direct Transport Solutions","Logistics, freight & courier operators","Birmingham, Eng B33 0Sl","+441217861854","ops@directtransport.org","http://WWW.DIRECTTRANSPORTSOLUTIONS.CO.UK/","Unverified","Supplied","Message delivered"
273,"Dmk Estate","Client-stated buyer types","London, Eng E125af","+447392913325","info@dmkestate.com","http://www.dmkestate.com/","Unverified","Supplied","Message delivered"
274,"Dohertybaines","Client-stated buyer types","London, Eng W1j 8Dz","+442073553033","","http://www.dohertybaines.com/","Unverified","Not supplied","Message delivered"
275,"Drake & Co","Client-stated buyer types","Greater London W1j 9Hf","+442074957500","","http://www.drakeproperty.co.uk","Unverified","Not supplied","Message delivered"
276,"Dream Starview Properties","Client-stated buyer types","London, Eng Nw3 5Hd","+442071239484","contact@dreamstarviewproperties.com","https://dreamstarviewproperties.com/","Unverified","Supplied","Message delivered"
277,"Dream Stay Serviced Apartments","Real estate firms & property managers","Greater Manchester M20 4Sd","+447513282421","","http://www.dreammoverelocation.com","Unverified","Not supplied","Message delivered"
278,"Drivers and Norris","Real estate firms & property managers","London, Eng N7 6Hp","+442076075001","info@drivers.co.uk","http://www.drivers.co.uk/","Unverified","Supplied","Message delivered"
279,"Drummonds Property","Real estate firms & property managers","London, Eng Cr7 8Ry","+442081381990","admin@drummondsproperty.com","http://drummondsproperty.com/","Unverified","Supplied","Message delivered"
280,"Duff Phelps","SME / startup buyers (general B2B)","London Se1 9Sg","+442070894700","","http://www.duffandphelps.co.uk/","Unverified","Not supplied","Message delivered"
281,"Dunbar and Boardman","SME / startup buyers (general B2B)","London Ec2a 3Hz","+442077395093","","http://www.dunbarboardman.com/","Unverified","Not supplied","Message delivered"
282,"Dw Coaching","SME / startup buyers (general B2B)","London Wc2h 9Jq","+447940129205","","https://www.dwcoach.co.uk/","Unverified","Not supplied","Message delivered"
283,"East Homes Estates","Real estate firms & property managers","London, Eng E14 7Jd","+442034751960","info@easthomesestates.co.uk","https://easthomesestates.co.uk/","Unverified","Supplied","Message delivered"
284,"East London Tyres - Mobile Tyre Fitting","Professional services (law, accounting, consultancies)","London E17 3Ed","+447966558652","","https://birdeye.com","Unverified","Not supplied","Message delivered"
285,"Easy Way Removals Plaistow - Man and Van","Logistics, freight & courier operators","London E6 1Qf","+447413060187","","https://easywayremovals.co.uk/","Unverified","Not supplied","Message delivered"
286,"Eden Estates","Real estate firms & property managers","Greater London Se18 1Sl","+442083160001","","http://www.edenproperties.com","Unverified","Not supplied","Message delivered"
287,"Edward Carter Properties","Real estate firms & property managers","Manchester, Eng M3 2By","+441614011234","info@edward-carter.co.uk","http://www.edward-carter.co.uk/","Unverified","Supplied","Message delivered"
288,"Eeh Ventures","Client-stated buyer types","London, Eng W1j 8Dx","+442034758360","info@eehventures.net","https://www.eehventures.net/","Unverified","Supplied","Message delivered"
289,"Egre London","Real estate firms & property managers","London, Eng Ec3v 3Nd","+442033718866","info@egre.com","http://www.egre.com/","Unverified","Supplied","Message delivered"
290,"Eli-G Estates | Hendon Estate Agent & Letting Agents","Real estate firms & property managers","London Nw4 2Ae","+442036338567","","https://www.eli-gestates.com/","Unverified","Not supplied","Message delivered"
291,"Emerging Advisory","Client-stated buyer types","London, Eng Wc2n 6Aa","+442033224174","info@emergingadvisory.com","http://www.emergingadvisory.com/","Unverified","Supplied","Message delivered"
292,"Emerson European Hq","Real estate firms & property managers","London, Eng W1u 7Al","+441977690554","","http://www.oaksmere.com","Unverified","Not supplied","Message delivered"
293,"Employers Network for Equality & Inclusion","SME / startup buyers (general B2B)","London Se1 0Eh","+442079227790","","http://www.efa.org.uk/","Unverified","Not supplied","Message delivered"
294,"Emw Law","SME / startup buyers (general B2B)","London Nw1 2Da","+443450706000","","http://www.emwlaw.com/","Unverified","Not supplied","Message delivered"
295,"Engletons","Client-stated buyer types","London, Eng N1 9Ps","+442072781710","info@engletons.com","https://engletons.com/","Unverified","Supplied","Message delivered"
296,"Ennismore Estates","Real estate firms & property managers","London, Eng Sw3 1Nq","+442075846467","info@ennismoreestates.com","http://www.ennismoreestates.com/","Unverified","Supplied","Message delivered"
297,"Environmental Business Products","Real estate firms & property managers","London, Eng Nw10 6Bb","+442088386888","","http://www.ebpgroup.com","Unverified","Not supplied","Message delivered"
298,"Equipment Works","Client-stated buyer types","London, Eng Nan","+442039627960","","https://www.equipmentworks.co.uk/","Unverified","Not supplied","Message delivered"
299,"Equity London","Client-stated buyer types","London Se9 2Ph","+442088550212","","http://www.equityldn.co.uk/","Unverified","Not supplied","Message delivered"
300,"Esales Property","Real estate firms & property managers","Greater London W1j 9Eh","+442080505409","","https://esalesinternational.com","Unverified","Not supplied","Message delivered"
301,"Esper Wealth Property Investments","Client-stated buyer types","Manchester, Eng M2 3Hz","+447784966452","info@esperwealth.com","https://www.esperwealth.com/","Unverified","Supplied","Message delivered"
302,"Estate Inn","Real estate firms & property managers","London, Eng E11 3Aa","+442081231035","info@estateinn.co.uk","http://www.estateinn.co.uk/","Unverified","Supplied","Message delivered"
303,"Eta Group","Logistics, freight & courier operators","London Tw13 7Ej","+447885909932","","http://www.eta-logistics.com/","Unverified","Not supplied","Message delivered"
304,"Evergreen Marine","Logistics, freight & courier operators","Glasgow G3 7Ds","+441412487707","","http://www.evergreen-marine.co.uk/","Unverified","Not supplied","Message delivered"
305,"Express Air Cargo","Logistics, freight & courier operators","Birmingham, Eng B10 0Ll","+447772465869","info@expressaircargo.co.uk","http://expressaircargo.co.uk/","Unverified","Supplied","Message delivered"
306,"Express Cargo UK","Logistics, freight & courier operators","Manchester, Eng M15 4An","+441618820666","info@ecul.co.uk","http://www.ecul.co.uk/","Unverified","Supplied","Message delivered"
307,"Extra Mile Property","Client-stated buyer types","London, Eng Se10 9Nu","+442071019520","info@extramileproperty.co.uk","http://www.extramileproperty.co.uk/","Unverified","Supplied","Message delivered"
308,"Falcon Estate Agents","Real estate firms & property managers","London, Eng E1 5Nf","+447572528106","falconpropertyagents@gmail.com","http://www.falconestateagent.com/","Unverified","Supplied","Message delivered"
309,"Family First Real Estate","Real estate firms & property managers","London, Eng W3 8","+905322566070","info@familyfirstrealestate.co.uk","https://www.familyfirstrealestate.co.uk/","Unverified","Supplied","Message delivered"
310,"Farrell Lewis","Real estate firms & property managers","London, Eng W3 7Ru","+442087433323","info@farrelllewis.co.uk","http://www.farrelllewis.co.uk/","Unverified","Supplied","Message delivered"
311,"Fast Freight Forward London","Logistics, freight & courier operators","London, Eng E7 9Hz","+442081766166","london@fastfreightforward.co.uk","http://www.fastfreightforward.co.uk/","Unverified","Supplied","Message delivered"
312,"Fast Track Delivery","Logistics, freight & courier operators","London, Eng Nan","+447474777361","sales@fasttrackdeliveryuk.com","http://www.fasttrackdeliveryuk.com/","Unverified","Supplied","Message delivered"
313,"Fernings","Client-stated buyer types","London, Eng Wc2h 9Jq","+442086292142","connect@fernings.co.uk","http://www.fernings.co.uk/","Unverified","Supplied","Message delivered"
314,"Fine Living","Client-stated buyer types","London, Eng E1 6Hu","+442080040100","hereforyou@fineliving.life","http://www.fineliving.life/","Unverified","Supplied","Message delivered"
315,"Fintech Harbor Consulting","Professional services (law, accounting, consultancies)","London, Eng Ec1a 2Bn","+447458149171","legal@fintecharbor.com","http://fintecharbor.com/","Unverified","Supplied","Message delivered"
316,"Flagstones Property Group","Real estate firms & property managers","London, Eng Ha0 1Tx","+442084886296","info@flagstonespg.co.uk","http://www.flagstonespropertygroup.co.uk/","Unverified","Supplied","Message delivered"
317,"Flats & Studios","Real estate firms & property managers","London, Eng Nw5 3Dy","+442070461167","info@flatsandstudios.london","http://www.flatsandstudios.london/","Unverified","Supplied","Message delivered"
318,"Flexioffices","Client-stated buyer types","Birmingham, West Midlands B1 2Jb","+448001971127","","http://www.flexioffices.co.uk","Unverified","Not supplied","Message delivered"
319,"Fluid Marketplaces","Client-stated buyer types","Manchester M4 6Wx","+441617104130","","https://www.fluidmarketplaces.com/","Unverified","Not supplied","Message delivered"
320,"Flyp Homes","Client-stated buyer types","London, Eng W2 6Lg","+442038687520","hello@flyp.co","http://www.flyp.co/","Unverified","Supplied","Message delivered"
321,"Folio London","Client-stated buyer types","London, Eng E16 2Gy","+442038150484","","http://www.foliolondon.co.uk/","Unverified","Not supplied","Message delivered"
322,"Forte Premier Construction","Real estate firms & property managers","Greater London Sw19 2Hs","+447951511500","","http://www.fortepremierconstruction.co.uk","Unverified","Not supplied","Message delivered"
323,"Fortis Capital Group","Client-stated buyer types","London, Eng Wc1n 3Ax","+447362930591","hello@fortiscapitalgroup.co.uk","http://fortiscapitalgroup.co.uk/","Unverified","Supplied","Message delivered"
324,"Found Property Ldn","Real estate firms & property managers","London, Eng N1 7Gu","+442080673946","hello@foundpropertyldn.co","http://www.foundpropertyldn.co/","Unverified","Supplied","Message delivered"
325,"Foxley and Harris","Real estate firms & property managers","London, Eng W1w 7Lt","+447356206181","info@foxley-and-harris.co.uk","http://Www.foxley-and-harris.co.uk/","Unverified","Supplied","Message delivered"
326,"Framed Booth Hire","Professional services (law, accounting, consultancies)","Leeds, Eng Ls27 9Hf","+447490955047","steve@framedboothhire.co.uk","https://framedboothhire.co.uk/","Unverified","Supplied","Message delivered"
327,"Franklyn James","Real estate firms & property managers","London, Eng E14 8Dp","+442077911777","limehouse@franklynjames.co.uk","http://www.franklynjames.co.uk/","Unverified","Supplied","Message delivered"
328,"G R Roberts","Real estate firms & property managers","Greater London Sw14 7Bg","+442088762641","","http://www.grroberts.co.uk","Unverified","Not supplied","Message delivered"
329,"Gaff Estates","Real estate firms & property managers","London, Eng Se18 6Ht","+442083179999","info@gaffestates.co.uk","http://www.gaffestates.co.uk/","Unverified","Supplied","Message delivered"
330,"Galaxy Marketing","Client-stated buyer types","Glasgow, Sct 44000","+923095550790","info@galaxymarketing.pk","http://galaxymarketing.pk/","Unverified","Supplied","Message delivered"
331,"Galaxy Transport","Logistics, freight & courier operators","Glasgow G74 5Ph","+441417394400","","http://www.galaxytransport.co.uk/","Unverified","Not supplied","Message delivered"
332,"Gale Priggen & Co","Client-stated buyer types","London, Eng Wc2a 1Et","+442074045043","","http://www.galepriggen.co.uk/","Unverified","Not supplied","Message delivered"
333,"Gazelle Property Services","Real estate firms & property managers","London, Eng E1 2Eg","+442038820781","info@gazelleps.com","https://gazelleps.com/","Unverified","Supplied","Message delivered"
334,"Gentoo Freight","Logistics, freight & courier operators","London Wc1n 3Ax","+447907164795","","http://www.gentoofreight.co.uk/","Unverified","Not supplied","Message delivered"
335,"Glenwood Property Services","Real estate firms & property managers","Birmingham, Eng B12 8Jz","+441214494990","info@glenwoodproperties.co.uk","http://www.glenwoodproperties.co.uk/","Unverified","Supplied","Message delivered"
336,"Glpg","Real estate firms & property managers","London, Eng W1h 6Ef","+442036406420","team@glpg.co.uk","http://www.glpg.co.uk/","Unverified","Supplied","Message delivered"
337,"Go-Centric","SME / startup buyers (general B2B)","Glasgow G2 5Ah","+443330144401","","http://www.go-centric.co.uk/","Unverified","Not supplied","Message delivered"
338,"Goldman and Co","Real estate firms & property managers","London, Eng Wc2h 9Jq","","info@goldmanandco.co.uk","http://www.goldmanandco.co.uk/","Unverified","Supplied","Message delivered"
339,"Good Estate Agent","Real estate firms & property managers","Glasgow, Sct G3 6Tt","+441413740209","cyrus@thegoodea.co.uk","https://thegoodestateagent.com/","Unverified","Supplied","Message delivered"
340,"GoodStay","Client-stated buyer types","London, Eng Ec1v 2Nj","+442080503582","hi@goodstayproperties.co.uk","http://www.goodstayproperties.co.uk/","Unverified","Supplied","Message delivered"
341,"Gps Link Estates","Real estate firms & property managers","London, Eng Nw9 8Sn","+442082008222","info@gpslink.co.uk","https://www.gpslink.co.uk/contact-us","Unverified","Supplied","Message delivered"
342,"Graham & Graham Property Consultants","Real estate firms & property managers","Greater London Sw1w 8Tr","+442077308364","","http://gandgpc.com","Unverified","Not supplied","Message delivered"
343,"Grant Mills Wood","Real estate firms & property managers","Greater London W1b 2Ef","+442076298501","","http://www.grantmillswood.com","Unverified","Not supplied","Message delivered"
344,"Greater Manchester Chamber of Commerce","Professional services (law, accounting, consultancies)","Manchester, Eng M3 3","+441613934321","benefits@gmchamber.co.uk","http://www.gmchamber.co.uk/","Unverified","Supplied","Message delivered"
345,"Green and Partners","Client-stated buyer types","London, Eng W1f 9Ru","+442076594848","info@greenpartners.co.uk","http://www.greenandpartners.co.uk/","Unverified","Supplied","Message delivered"
346,"Greg Paulson Same Day Couriers","Logistics, freight & courier operators","Manchester M1 1Aa","+441614363296","","http://www.gregpaulsoncourier.co.uk/","Unverified","Not supplied","Message delivered"
347,"Greystone Lettings","Real estate firms & property managers","Birmingham, Eng B18 6Nz","+441212333785","info@greystonelettings.co.uk","http://www.greystonelettings.co.uk/","Unverified","Supplied","Message delivered"
348,"Grove End Gardens","Real estate firms & property managers","London, Nan","+442072868791","","http://www.groveendgardens.com","Unverified","Not supplied","Message delivered"
349,"Growth Performance","SME / startup buyers (general B2B)","London N1 7Ta","+447860108266","","http://www.growthperformance.co.uk/","Unverified","Not supplied","Message delivered"
350,"Guaranteed Rent London","Real estate firms & property managers","London, Eng E16 1Tj","+447920407573","info@eaguaranteedrent.co.uk","https://eaguaranteedrent.co.uk/property-management/","Unverified","Supplied","Message delivered"
351,"Hackett Estate Agents","Real estate firms & property managers","London, Eng W4 4Hh","+442077331192","management@hackett-estates.com","http://www.hackett-estates.com/","Unverified","Supplied","Message delivered"
352,"Halkin Estates","Real estate firms & property managers","London, Eng Sw1w 9Bj","+442079896000","","http://www.halkinestates.co.uk/","Unverified","Not supplied","Message delivered"
353,"Hanley Estates","Real estate firms & property managers","London, Eng N19 3Jq","+442072633388","info@hanleyestates.com","http://www.hanleyestates.com/","Unverified","Supplied","Message delivered"
354,"Hanover Green","Real estate firms & property managers","London, Eng W1j 0","+442031306400","sholmes@hanovergreen.co.uk","https://www.hanovergreen.co.uk/","Unverified","Supplied","Message delivered"
355,"Hanson Partners","Client-stated buyer types","London, Eng W1j 6He","+447444018180","info@hansonpartners.com","http://www.hansonpartners.com/","Unverified","Supplied","Message delivered"
356,"Happy Badge Projects","Real estate firms & property managers","Greater London W2 3Rx","+442073134190","","http://www.bournecapital.com","Unverified","Not supplied","Message delivered"
357,"Harrisons Property","Real estate firms & property managers","London, Eng Nw10 4Jh","+442089519458","harrisons5@btconnect.com","https://www.harrisonsproperty.co.uk/","Unverified","Supplied","Message delivered"
358,"Haul IT Up","Professional services (law, accounting, consultancies)","Greater London Ha3 9Lz","+442071013462","","http://www.haulitup.co.uk","Unverified","Not supplied","Message delivered"
359,"Haven Homes","Client-stated buyer types","Birmingham, Eng B11 4Ls","+447787301213","enquiries@havenhomes.co.uk","http://www.havenhomes.co.uk/","Unverified","Supplied","Message delivered"
360,"Havenway Lettings","Client-stated buyer types","London, Eng W4 1Td","+442046153300","info@havenwaylettings.co.uk","http://www.havenwaylettings.co.uk/","Unverified","Supplied","Message delivered"
361,"Hawkeye Enterprise","Professional services (law, accounting, consultancies)","Leeds, Kent Me17 1Rx","+441622861988","","http://www.hawkeye-ent.co.uk","Unverified","Not supplied","Message delivered"
362,"Healthcare Management Solutions","Professional services (law, accounting, consultancies)","Birmingham, Eng B47 6Jr","+441564820140","","http://www.hcsolutions.co.uk","Unverified","Not supplied","Message delivered"
363,"Heritage Estate Agency","Real estate firms & property managers","Birmingham, Eng B14 7Bh","+441214435900","info@heritage-estates.co.uk","http://www.heritage-estates.co.uk/","Unverified","Supplied","Message delivered"
364,"Highview Estates","Client-stated buyer types","Greater London Ec2a 4Rt","+442072471513","","http://www.highviewestates.co.uk","Unverified","Not supplied","Message delivered"
365,"Hih7 Webtech Pvt","SME / startup buyers (general B2B)","London E3 4Bp","+447539031333","","http://hih7.com/","Unverified","Not supplied","Message delivered"
366,"Hilltop Credit Partners","Client-stated buyer types","London, Eng W1k 7Da","+442039036369","info@hilltopcapitalpartners.com","https://www.hilltopcreditpartners.com","Unverified","Supplied","Message delivered"
367,"Home - Property Specialist","Real estate firms & property managers","London, Eng N8 8Te","+442035767677","hello@homeps.co.uk","http://www.homeps.co.uk/","Unverified","Supplied","Message delivered"
368,"Hometrack","Client-stated buyer types","London, Eng Se1 2Lh","","enquiries@hometrack.com","https://www.hometrack.com/uk","Unverified","Supplied","Message delivered"
369,"Hoopers Estate Agents","Client-stated buyer types","London Nw10 0Aa","+442084501633","","https://www.hoopersestateagents.co.uk/#/","Unverified","Not supplied","Message delivered"
370,"Howard Baker Estates","Real estate firms & property managers","Greater London Nw9 8Tp","+442082057022","","http://www.howardbaker.com","Unverified","Not supplied","Message delivered"
371,"Hspg","Client-stated buyer types","Manchester, Eng M12 6Pn","+441618206559","hello@hspg.co.uk","https://hspg.co.uk/","Unverified","Supplied","Message delivered"
372,"Hybrid","Client-stated buyer types","London, Eng Ec1v 3Ap","+442073361310","info@hybrid.london","https://hybrid.london/","Unverified","Supplied","Message delivered"
373,"Hyde & Rowe","Real estate firms & property managers","London, Eng Nw2 7Ne","+442086861799","info@hydeandrowe.co.uk","https://hydeandrowe.co.uk/","Unverified","Supplied","Message delivered"
374,"I Am Surveyors","Real estate firms & property managers","Birmingham, Nan B8 2An","+448000096229","","https://iamsurveyors.co.uk","Unverified","Not supplied","Message delivered"
375,"I Need Website London","Client-stated buyer types","London Wc2b 4Hn","+442034359469","","https://www.ineedwebsite.uk/seo-london/","Unverified","Not supplied","Message delivered"
376,"Ic Property Expert","Real estate firms & property managers","London, Eng Nw1 5Pg","+447513816938","ian@trpe.co.uk","http://www.trpe.co.uk/","Unverified","Supplied","Message delivered"
377,"Icon Residential","Real estate firms & property managers","London, Eng Sw1h 0Rg","+442079562080","enquiries@icon-residential.co.uk","http://www.icon-residential.co.uk/","Unverified","Supplied","Message delivered"
378,"Imminent Realty","Real estate firms & property managers","Birmingham, Eng B3 1Rl","+441217980959","info@imminentrealty.com","https://imminentrealty.com/","Unverified","Supplied","Message delivered"
379,"In Lettings","Real estate firms & property managers","Leeds, Eng Ls6 3Pu","+441133206620","hello@inlettings.uk","https://inlettings.uk/","Unverified","Supplied","Message delivered"
380,"In Situ Concrete Stairs","SME / startup buyers (general B2B)","London Nw3 3Bu","+447816866784","","http://www.ejbformwork.co.uk/","Unverified","Not supplied","Message delivered"
381,"Industrial Warehaus Property Group","Client-stated buyer types","London, Eng W1s 4Pn","+442077887828","enquiries@iwpg.co.uk","http://www.iwpg.co.uk/","Unverified","Supplied","Message delivered"
382,"Infinity Stays","Client-stated buyer types","London, Eng W1w 7Lt","+442045258152","info@infinitystays.co.uk","http://Infinitystays.co.uk/","Unverified","Supplied","Message delivered"
383,"Instabook Properties","Real estate firms & property managers","London, Eng E3 3Yd","+447751644529","info@instabookproperties.com","http://www.instabookproperties.com/","Unverified","Supplied","Message delivered"
384,"integratedAIR Filtration","SME / startup buyers (general B2B)","Leeds Ls27 0Bz","+441614884662","","http://www.integratedairfiltration.co.uk/","Unverified","Not supplied","Message delivered"
385,"Isocon Engineering","Logistics, freight & courier operators","Glasgow, Sct G51 2Jq","+441414405454","","http://www.isocon-engineering.com","Unverified","Not supplied","Message delivered"
386,"J C Gillespie","SME / startup buyers (general B2B)","Manchester, England M44 5Ba","+441617751900","","https://gillespieheavyhaulage.com/","Unverified","Not supplied","Message delivered"
387,"J P Jelly & Partners","Real estate firms & property managers","Greater London N6 4Ey","+442089870104","","http://www.jpjelly.co.uk","Unverified","Not supplied","Message delivered"
388,"Jahn Housing & Support","Real estate firms & property managers","Birmingham, Eng B1 3Nj","+441212701855","info@jahnhousing.co.uk","http://www.jahnhousing.co.uk/","Unverified","Supplied","Message delivered"
389,"James Jooste","Real estate firms & property managers","London, Eng Nw10 4Jt","+442089652250","sales@churchillmathesons.com","https://www.churchillmathesons.com/","Unverified","Supplied","Message delivered"
390,"Jmg Cargo","Logistics, freight & courier operators","London, Eng E1 1Hs","+442072477770","info@jmgcargo.com","http://www.jmgcargo.com/","Unverified","Supplied","Message delivered"
391,"Join London","Real estate firms & property managers","London, Eng E8 4Dt","+447476225367","info@join-london.co.uk","http://join-london.co.uk/","Unverified","Supplied","Message delivered"
392,"Jointomart","Client-stated buyer types","London E1 8Zb","+442070961178","","https://www.jointomart.com/","Unverified","Not supplied","Message delivered"
393,"Js Estate Management","Real estate firms & property managers","London, Eng Se16 2Ah","+442072312957","info@jsestatemanagement.co.uk","http://www.jsestateagents.co.uk/","Unverified","Supplied","Message delivered"
394,"Kare Estates","Real estate firms & property managers","London, Eng W1h 5Pw","+447551400058","info@kareestates.co.uk","http://kareestates.co.uk/","Unverified","Supplied","Message delivered"
395,"Karsons Lettings","Real estate firms & property managers","Manchester, Eng M2 4Nh","+441612921136","info@karsonslettings.com","http://karsonslettings.com/","Unverified","Supplied","Message delivered"
396,"Kartesh Estate","Real estate firms & property managers","London, Eng W1k 3","+442036495017","mario.kartesh@karteshestate.com","http://www.karteshestate.com/","Unverified","Supplied","Message delivered"
397,"Keats Estate Agents","Real estate firms & property managers","Greater London N10 1Bt","+442084444004","","http://www.keatsestateagents.co.uk","Unverified","Not supplied","Message delivered"
398,"Kenneth Lloyds","Real estate firms & property managers","London, Eng E1 2Jt","+442074809111","info@kennethlloyds.co.uk","http://www.kennethlloyds.co.uk/","Unverified","Supplied","Message delivered"
399,"Kenningham Retail","Professional services (law, accounting, consultancies)","Greater London W1t 1Hp","+442076377188","","https://www.kenninghamretail.com","Unverified","Not supplied","Message delivered"
400,"Kingslea Mia","Client-stated buyer types","Birmingham, Eng B13 8Ey","+441213301768","enquiries@kingsleahomes.com","https://kingsleahomes.com/","Unverified","Supplied","Message delivered"
401,"Kirlands","Real estate firms & property managers","Greater London Se20 8Lp","+442086590660","","http://www.kirlands.co.uk","Unverified","Not supplied","Message delivered"
402,"Knight Bishop","Real estate firms & property managers","Greater London E9 6Qu","+442037731221","hackney@knightbishop.co.uk","https://www.knightbishop.co.uk","Unverified","Supplied","Message delivered"
403,"Knight Propperty Group","Real estate firms & property managers","Glasgow, Lanarkshire G1 3Pu","+441412850370","","http://www.chessgroup.co.uk","Unverified","Not supplied","Message delivered"
404,"Kyo Service Co","Real estate firms & property managers","Greater London Ha3 0Qa","+442089081135","","http://www.kyoservice.com","Unverified","Not supplied","Message delivered"
405,"L & M Estate Agents","Real estate firms & property managers","London, Eng Ec1v 2Nx","+448000554410","enquiries@burlingtonestateagenst.co.uk","https://burlingtonestateagents.co.uk/contact/","Unverified","Supplied","Message delivered"
406,"L M M","Real estate firms & property managers","Birmingham, West Midlands B3 1Ap","+448454025000","","http://www.lmn.co.uk","Unverified","Not supplied","Message delivered"
407,"Lancaster House","Real estate firms & property managers","London, Eng Nan","+442089697779","","https://www.gov.uk/government/history/lancaster-house","Unverified","Not supplied","Message delivered"
408,"Landlords Electrical Certificate London","Client-stated buyer types","London, Eng W9 1Jl","+442031375210","eicrcertificatelondon@gmail.com","https://www.eicrcertificate.london/","Unverified","Supplied","Message delivered"
409,"Lansview Group","Client-stated buyer types","London, Eng W3 6Ah","+447915603347","billy@lansviewgroup.co.uk","http://www.lansviewgroup.co.uk/","Unverified","Supplied","Message delivered"
410,"Last Call Healthcare","Professional services (law, accounting, consultancies)","London, Eng E14 9Xq","+442072343350","info@lastcallhealthcare.com","http://www.lastcallhealthcare.com/","Unverified","Supplied","Message delivered"
411,"Latitude Investments","Client-stated buyer types","Greater London W1u 5Lh","+442079358642","","http://www.latitudeinvestments.co.uk","Unverified","Not supplied","Message delivered"
412,"Lexadon Property Group","Client-stated buyer types","London, Eng Sw9 8Pl","+442077357152","info@lexadon.co.uk","http://Lexadon.co.uk/","Unverified","Supplied","Message delivered"
413,"Lintel Properties","Real estate firms & property managers","Leeds, Eng Ls11 7Ls","+441138561371","","http://lintelproperties.co.uk/","Unverified","Not supplied","Message delivered"
414,"Livco Estate Agents","Real estate firms & property managers","London, Eng E9 6Rq","+442035003851","ask@livcolondon.com","https://www.livco.co.uk/","Unverified","Supplied","Message delivered"
415,"Live in the Cloud","SME / startup buyers (general B2B)","London Ec1n 8Le","+442070303599","","https://liveinthecloud.com/","Unverified","Not supplied","Message delivered"
416,"Lma Property","Real estate firms & property managers","London, Eng Sw6 4Jx","+447969927422","leah@lmaproperty.com","http://www.lmaproperty.com/","Unverified","Supplied","Message delivered"
417,"Loc8 Commercial","Client-stated buyer types","London, Eng Wc1x 9Lp","+442030318563","lee@loc8commercial.com","http://loc8commercial.com/","Unverified","Supplied","Message delivered"
418,"Locate London","Real estate firms & property managers","London, Eng Sw19 1Xf","+442037549535","info@locateestateagents.com","http://www.locateestateagents.com/","Unverified","Supplied","Message delivered"
419,"Lockwell Housing Lettings","Client-stated buyer types","Birmingham, Eng B28 8Af","+447931297454","lockwellsocialhousing@gmail.com","https://lockwellhousing.org.uk/","Unverified","Supplied","Message delivered"
420,"Locus Estates","Real estate firms & property managers","London, Eng N16 7Pl","+442072492004","hackney@locusestates.com","http://www.locusestates.com/","Unverified","Supplied","Message delivered"
421,"LogiFreight","Logistics, freight & courier operators","London, Eng W1w 5Pf","+442074594930","info@logifreight.co.uk","http://www.logifreight.co.uk/","Unverified","Supplied","Message delivered"
422,"London & Country","Client-stated buyer types","London Se16 2Ls","+442072315656","","http://www.lclproperty.com/","Unverified","Not supplied","Message delivered"
423,"London Digital Marketing Service","Client-stated buyer types","London Se15 4Nf","+442074594565","","https://webadvert.agency/","Unverified","Not supplied","Message delivered"
424,"London House","Real estate firms & property managers","London, Eng W1g 6","+442074869665","hello@londonhouse.co.uk","http://www.londonhouse.co.uk/","Unverified","Supplied","Message delivered"
425,"London Live Work","Client-stated buyer types","London, Eng E3 2Ng","+442085331213","info@londonlivework.co.uk","http://www.londonlivework.co.uk/LondonLW/","Unverified","Supplied","Message delivered"
426,"London Properties","Client-stated buyer types","Greater London Ha3 5Dl","+442088614615","","http://www.london-properties.co.uk","Unverified","Not supplied","Message delivered"
427,"London Property Broker","Client-stated buyer types","London, Eng Ec2m 4Ae","+442074811110","info@londonpb.com","https://www.londonpb.com/","Unverified","Supplied","Message delivered"
428,"London Property Certificates","Client-stated buyer types","London, Eng Se28 8Fu","+442037196970","sales@londonpropertycertificates.co.uk","https://londonpropertycertificates.co.uk/","Unverified","Supplied","Message delivered"
429,"London Property Group","Real estate firms & property managers","London, Eng Ec2y 9Dt","+442038654824","info@propertygroup.london","http://www.propertygroup.london/","Unverified","Supplied","Message delivered"
430,"London Property Guru","Real estate firms & property managers","London, Eng Sw18 1Fz","+442085431953","info@londonpropertyguru.com","http://Londonpropertyguru.com/","Unverified","Supplied","Message delivered"
431,"London Property Shop","Real estate firms & property managers","London, Eng E6 1Er","+442085481234","","http://www.londonpropertyshopltd.com","Unverified","Not supplied","Message delivered"
432,"London Roller Shutters","SME / startup buyers (general B2B)","London Se3 0Tw","+442081669933","","https://londonrollershutters.com/","Unverified","Not supplied","Message delivered"
433,"London Security Chauffeur","Logistics, freight & courier operators","Greater London E14 6Fh","+442075311347","info@licensedminicab.com","http://licensedminicab.com","Unverified","Supplied","Message delivered"
434,"London Space","Real estate firms & property managers","London W14 0Ls","+442073489191","","http://www.londonspace.co.uk/","Unverified","Not supplied","Message delivered"
435,"Londonbyjada Londra'da Eğitim Emlak Ve Yaşam","Real estate firms & property managers","London, Eng Sw15 6","+447787806039","info@londonbyjada.com","https://www.londonbyjada.com/","Unverified","Supplied","Message delivered"
436,"LondonWide Estates","Real estate firms & property managers","London, Eng W9 2Jd","+442072662211","info@londonwideestates.com","http://www.londonwideestates.com/","Unverified","Supplied","Message delivered"
437,"LonGrad","Real estate firms & property managers","London W1j 6He","+442081237983","","http://www.longrad.com/","Unverified","Not supplied","Message delivered"
438,"Longs of Leeds","Logistics, freight & courier operators","Leeds, Eng Ls15 8Aw","+441132640106","enquiries@longsofleeds.co.uk","http://www.longsofleeds.co.uk","Unverified","Supplied","Message delivered"
439,"Love Living","Real estate firms & property managers","London, Eng E2 9Fp","+442030052600","hello@loveliving.uk","http://www.loveliving.uk/","Unverified","Supplied","Message delivered"
440,"Lp Lions","Client-stated buyer types","London, Eng Wc2h 9Jq","+442081238899","lpayne.properties@hotmail.com","http://www.lpsourcing.co.uk/","Unverified","Supplied","Message delivered"
441,"Lpa Plus London Property Assessments","Client-stated buyer types","London, Eng W1w 7Lt","+442030511393","hello@lpaplus.com","https://lpaplus.com/","Unverified","Supplied","Message delivered"
442,"Lpd Risk Management","SME / startup buyers (general B2B)","London, Eng Ec4a 2Bu","+442032870100","enquiries@lpdrisk.com","http://www.lpdrisk.com/","Unverified","Supplied","Message delivered"
443,"Lucia Turok","Real estate firms & property managers","London, Eng Nan","+447757774557","lucia@lturok.com","https://www.lturok.com/","Unverified","Supplied","Message delivered"
444,"LuxeFlooring","Client-stated buyer types","London, Eng Rm11","+447309740030","","http://luxeflooring.uk/","Unverified","Not supplied","Message delivered"
445,"Lyons London","Real estate firms & property managers","London, Eng E8 4Ae","+442078465875","hello@lyonslondon.co.uk","http://www.lyonslondon.co.uk/","Unverified","Supplied","Message delivered"
446,"Lyss Homes","Real estate firms & property managers","London, Eng E11 3Hu","+442080505452","info@lysshomes.co.uk","http://www.lysshomes.co.uk/","Unverified","Supplied","Message delivered"
447,"M R Denton Properties","Real estate firms & property managers","Leeds, Eng Ls15 7Ag","+447730775902","","http://www.mrdentonproperties.com","Unverified","Not supplied","Message delivered"
448,"Maison Letting & Management","Real estate firms & property managers","Manchester, Eng M30 0Dd","+441612462481","enquiries@maison-management.co.uk","https://www.maison-management.co.uk/","Unverified","Supplied","Message delivered"
449,"Maison Vue","Client-stated buyer types","London, Eng E7 9Pa","+442071678336","info@maisonvue.com","https://maisonvue.com/","Unverified","Supplied","Message delivered"
450,"Manchester Home Buyers","Client-stated buyer types","Manchester, Eng M8 8Sh","+441615241631","info@manchesterhomebuyers.co.uk","https://www.manchesterhomebuyers.co.uk/","Unverified","Supplied","Message delivered"
451,"Manchester Lofts","Client-stated buyer types","Manchester, Eng M45jw","+447798540191","contact@manchester-lofts.co.uk","http://manchester-lofts.co.uk/","Unverified","Supplied","Message delivered"
452,"Manchester Manufacturing Group","SME / startup buyers (general B2B)","Manchester M34 3Ge","+441613203637","","https://manchestermanufacturing.com/","Unverified","Not supplied","Message delivered"
453,"Manny Klarico","Real estate firms & property managers","Birmingham, Eng B28 0Ht","+441217777211","enquiries@mannyklarico.co.uk","http://www.mannyklarico.co.uk/","Unverified","Supplied","Message delivered"
454,"Manors","Client-stated buyer types","London, Eng W1h 6Dg","+442074865655","sales@manors.co.uk","http://www.manors.co.uk/contact-us/our-office","Unverified","Supplied","Message delivered"
455,"Mapp","Client-stated buyer types","London, Eng W1w 5Qz","+442079085500","info@wearemapp.com","http://www.wearemapp.com/","Unverified","Supplied","Message delivered"
456,"Marble Sales & Lettings","Real estate firms & property managers","London, Eng Nw10 2Te","+442088303841","info@marble-sl.com","http://www.marble-sl.com/","Unverified","Supplied","Message delivered"
457,"Marcello Group","Real estate firms & property managers","Greater London Ec3v 3Dg","+442037516530","","http://www.marcello-group.com","Unverified","Not supplied","Message delivered"
458,"Marley","SME / startup buyers (general B2B)","Glasgow G64 2Py","+441283722222","","https://www.marley.co.uk/","Unverified","Not supplied","Message delivered"
459,"Marsons Home Services","Client-stated buyer types","London, Eng E14 9Sz","+447366162246","management@marsonshs.co.uk","http://www.marsonshomeservices.co.uk/","Unverified","Supplied","Message delivered"
460,"Maya Capital","Real estate firms & property managers","Greater London W1s 2Xd","+442073185930","","http://www.maya-cap.com","Unverified","Not supplied","Message delivered"
461,"Mayfair Offices","Real estate firms & property managers","Greater London W1j 8Lt","","","http://www.mayfair-offices.org","Unverified","Not supplied","Message delivered"
462,"McCalmont Woods Real Estate","Client-stated buyer types","London, Eng W1w 5Pf","+442031379732","nick@mccalmont-woods.com","http://www.mccalmont-woods.com/","Unverified","Supplied","Message delivered"
463,"McKenzie & Co","Real estate firms & property managers","Greater London N21 3Nb","+442083604040","","http://www.mckenzieandcompany.co.uk","Unverified","Not supplied","Message delivered"
464,"Mda Consulting","Real estate firms & property managers","Birmingham, West Midlands B2 5Ny","+441212333839","","http://www.mdaconsulting.co.uk","Unverified","Not supplied","Message delivered"
465,"Medlock Estates","Real estate firms & property managers","Manchester, Eng M43 6Ge","+441613703023","","http://www.medlockestates.co.uk/","Unverified","Not supplied","Message delivered"
466,"Melt Property","Client-stated buyer types","London, Eng Wc1n 3Ax","+442071128111","info@meltproperty.co.uk","http://www.meltproperty.co.uk/","Unverified","Supplied","Message delivered"
467,"Metropolitan and Crown Estate Agents","Real estate firms & property managers","London, Eng E14 7Hg","+442075388887","enquiries@metropolitanandcrown.com","http://www.metropolitanandcrown.com/","Unverified","Supplied","Message delivered"
468,"Michael Steel & Co","Real estate firms & property managers","Leeds, West Yorkshire Ls1 2Aj","+441132348999","","http://www.michaelsteel.co.uk","Unverified","Not supplied","Message delivered"
469,"Middlefield Properties","Real estate firms & property managers","Birmingham, Eng B17 9Hb","+447973239066","","http://www.middlefieldproperties.co.uk/","Unverified","Not supplied","Message delivered"
470,"Mieszkanicznik Londyn","Client-stated buyer types","London, Eng W6 0Rf","","londyn@mieszkanicznik.org.pl","http://mieszkanicznik.org.pl/oddzialy-stowarzyszenia/londyn/","Unverified","Supplied","Message delivered"
471,"Miles Master","Logistics, freight & courier operators","Manchester, Eng M1 4Ht","+447490880999","miles@milesmaster.co.uk","http://www.milesmaster.co.uk/","Unverified","Supplied","Message delivered"
472,"Milky Way Logistics","Logistics, freight & courier operators","London, Eng Ec3a 8Bf","+442079717888","enquiries@mwll.co.uk","https://www.mwll.co.uk/","Unverified","Supplied","Message delivered"
473,"Mint Residential Estate Agents","Real estate firms & property managers","Leeds, Eng Ls17 7Se","+441134650135","sales@mintresidential.co.uk","http://mintresidential.co.uk/","Unverified","Supplied","Message delivered"
474,"Move2BG Properties","Client-stated buyer types","Birmingham, Eng B1 2Lp","+441217900773","george@move2bg.uk","http://move2bg.co.uk/","Unverified","Supplied","Message delivered"
475,"Msam","Logistics, freight & courier operators","Greater London Se21 8En","+442086557878","","http://www.msar.co.uk","Unverified","Not supplied","Message delivered"
476,"Mt Logistics Group","Logistics, freight & courier operators","Birmingham, Eng B12 9Rg","+443301335882","office@mtlogisticsgroup.com","http://www.mtlogisticsgroup.com/","Unverified","Supplied","Message delivered"
477,"My London Pad","Real estate firms & property managers","London, Eng Sw9 8Sd","+442077330001","","http://mlondonpad.com/","Unverified","Not supplied","Message delivered"
478,"Mypropertyextra","Client-stated buyer types","London, Eng Wc2h 9Jq","+442034880211","","http://www.mypropertybuy.com/","Unverified","Not supplied","Message delivered"
479,"Myspace Estate Agents - Islington","Real estate firms & property managers","London, Eng N1 1Bb","+442076093598","islington@myspaceuk.com","http://www.myspaceuk.com/","Unverified","Supplied","Message delivered"
480,"National Property Agents","Real estate firms & property managers","Glasgow, Sct G13 2Up","+443300940100","enquiries@nationalpropertyagents.co.uk","https://www.nationalpropertyagents.co.uk/","Unverified","Supplied","Message delivered"
481,"Neighbour","Real estate firms & property managers","London, Eng W1s 4Ew","+447785461869","hello@neighbour.co.uk","http://neighbour.co.uk/","Unverified","Supplied","Message delivered"
482,"Newmont Engineering Company","SME / startup buyers (general B2B)","London W5 4Xe","+442085673924","","http://www.newmonteng.co.uk/","Unverified","Not supplied","Message delivered"
483,"Next Move 4 U","Real estate firms & property managers","Manchester, Eng M28 3Aq","+441612414801","julie@nextmove4u.co.uk","http://www.nextmove4u.co.uk/","Unverified","Supplied","Message delivered"
484,"Noble Acquisitions","Client-stated buyer types","London, Eng W2 6Lg","+442081234794","info@nobleacquisitions.co.uk","http://www.nobleacquisitions.co.uk/","Unverified","Supplied","Message delivered"
485,"Normette Homes","Real estate firms & property managers","London, Eng Wc2h 9Jq","+447396926840","info@cornerstonehomes.org.uk","http://www.tayahomes.com/","Unverified","Supplied","Message delivered"
486,"North West Properties","Client-stated buyer types","London, Eng Nw10 1Bd","+442084514444","","http://www.n-w-properties.com","Unverified","Not supplied","Message delivered"
487,"Northbound Projects","Client-stated buyer types","Glasgow, Sct G74 5Pa","","info@northboundprojects.co.uk","https://www.northboundprojects.co.uk/","Unverified","Supplied","Message delivered"
488,"Northern Belle","Logistics, freight & courier operators","London, Eng Se1 2Hp","+448452170799","reservations.uk@belmond.com","http://www.northernbelle.co.uk","Unverified","Supplied","Message delivered"
489,"Npc Asset Management","Real estate firms & property managers","Leeds, West Yorkshire Ls1 3Aj","+448000988630","","http://www.novaestateagents.co.uk","Unverified","Not supplied","Message delivered"
490,"Nucleus Commercial Finance","SME / startup buyers (general B2B)","London W1b 5Fe","+442078391980","","https://nucleuscommercialfinance.com/","Unverified","Not supplied","Message delivered"
491,"Oaktree","Real estate firms & property managers","London, Eng W5 3Hu","+442089978533","enquiries@oaktreewestlondon.co.uk","https://oaktreewestlondon.co.uk/","Unverified","Supplied","Message delivered"
492,"Octavia House","Client-stated buyer types","London, Eng Sw1p 2Tx","","","https://www.octaviahousing.org.uk","Unverified","Not supplied","Message delivered"
493,"Oparo","Real estate firms & property managers","London, Eng W1j 9Er","+442071909706","connect@oparo.co.uk","http://www.oparo.co.uk/","Unverified","Supplied","Message delivered"
494,"Oxo Property","Real estate firms & property managers","London, Eng N18 2Ud","+442088078777","info@oxoproperty.co.uk","http://www.oxoproperty.co.uk/","Unverified","Supplied","Message delivered"
495,"Pall Mall Estates","Client-stated buyer types","London E5 0Sb","+442089867221","","http://www.pallmallestates.co.uk/","Unverified","Not supplied","Message delivered"
496,"Pan Ocean Shipping Co","Logistics, freight & courier operators","London, Eng Ec3a 8","+442076231047","","http://www.panocean.com","Unverified","Not supplied","Message delivered"
497,"Part on Tools","Professional services (law, accounting, consultancies)","Birmingham, West Midlands B38 9Pn","+441214397152","","http://www.part-on.co.uk","Unverified","Not supplied","Message delivered"
498,"Passion Property Group","Real estate firms & property managers","Greater London Se1 8Qh","+442076202050","","http://www.passionpropertygroup.com","Unverified","Not supplied","Message delivered"
499,"Paul Alexander Group","Real estate firms & property managers","London, Eng N21 2Rs","+442083603030","info@paulalexandergroup.com","http://www.paulalexandergroup.com/","Unverified","Supplied","Message delivered"
500,"Pearl Lemon Properties","Client-stated buyer types","London, Eng Wc2n 5Hy","+447454539583","team@pearllemonproperties.com","https://pearllemonproperties.com/","Unverified","Supplied","Message delivered"
501,"Perfect Impex","Logistics, freight & courier operators","Manchester, Eng M8 8Ra","+441614658079","","http://www.perfectimpex.co.uk","Unverified","Not supplied","Message delivered"
502,"Perspex Distribution Leeds","SME / startup buyers (general B2B)","Leeds Ls9 0An","+441134677800","","https://www.perspex.co.uk/?utm_source=GMB&utm_medium=Link&utm_campaign=Leeds","Unverified","Not supplied","Message delivered"
503,"Peter Martin","Real estate firms & property managers","London, Eng Nw11 7Hd","+442038876887","enquiries@petermartin.london","https://www.petermartin.london/","Unverified","Supplied","Message delivered"
504,"Pets Lets","Client-stated buyer types","London, Eng Sw18 3Lh","+447956442632","info@petslets.com","https://www.sayyestopets.co.uk/","Unverified","Supplied","Message delivered"
505,"Philip Alexander Estate Agents","Real estate firms & property managers","London, Eng N8 9Dy","+442083429444","info@philipalexander.net","https://www.philipalexander.net/","Unverified","Supplied","Message delivered"
506,"Philip Wooller","Real estate firms & property managers","London, Eng W12 9Au","+442088112929","philip@philipwooller.com","http://philipwooller.com/","Unverified","Supplied","Message delivered"
507,"Pickard Properties","Real estate firms & property managers","Leeds, West Yorkshire Ls2 9Hb","+441132469395","","http://www.pickardproperties.co.uk","Unverified","Not supplied","Message delivered"
508,"Pinas Express Balikbayan UK Box","Logistics, freight & courier operators","London, Eng W1w 8Qp","","","http://www.Pinasexpress.uk/","Unverified","Not supplied","Message delivered"
509,"Pioneer Property Consultants","Client-stated buyer types","London Wc2h 9Jq","+442080502519","","http://www.pioneerpropertyconsultants.com/","Unverified","Not supplied","Message delivered"
510,"Place Overseas","Real estate firms & property managers","London, Eng N3 1Ry","+442083710059","","https://placeoverseas.com/","Unverified","Not supplied","Message delivered"
511,"Plan-London","Client-stated buyer types","London Se22 8Ew","+448452262776","","http://www.plan-london.co.uk/","Unverified","Not supplied","Message delivered"
512,"Plmd Group","Client-stated buyer types","London E15 1Gp","+447557646000","","https://plmdgroup.co.uk/","Unverified","Not supplied","Message delivered"
513,"Plushplans","Client-stated buyer types","Glasgow, Sct G4 9Tb","+441414718079","info@plushplans.co.uk","http://www.plushplans.co.uk/","Unverified","Supplied","Message delivered"
514,"Portland Estate Agents","Real estate firms & property managers","Greater London Nw10 2Te","+442084519844","","http://www.portlandestateagents.co.uk","Unverified","Not supplied","Message delivered"
515,"Premier Properties","Client-stated buyer types","Glasgow, Sct G71 7Pt","+441698322555","info@premierpropertiesweb.com","http://www.premierpropertiesweb.com/","Unverified","Supplied","Message delivered"
516,"Premium Curtains and Blinds - Mobile Showroom","Professional services (law, accounting, consultancies)","Greater London N14 4Qu","+447788668218","","https://premiumcurtains.co.uk","Unverified","Not supplied","Message delivered"
517,"Prime Estates","Real estate firms & property managers","Birmingham, Eng B25 8UR","+441217833422","castlebromwich@primeestatesuk.com","https://www.primeestatesuk.com/","Unverified","Supplied","Message delivered"
518,"Prime Residential","Real estate firms & property managers","London, Eng Sw7 2Sp","+441904202820","info@prime-resi.com","http://www.prime-resi.com/","Unverified","Supplied","Message delivered"
519,"Prime Spaces","Real estate firms & property managers","London, Eng N1 9Nl","+447474658771","enquire@primespaces.co.uk","http://www.primespaces.co.uk/","Unverified","Supplied","Message delivered"
520,"Privacysolved","SME / startup buyers (general B2B)","London Ec2v 6Dn","+442071759771","","http://www.privacysolved.com/","Unverified","Not supplied","Message delivered"
521,"Privé Group Real Estate","Client-stated buyer types","London, Eng N1 7Gu","+97460080304","info@privegroupre.com","http://www.privegroupre.com/","Unverified","Supplied","Message delivered"
522,"Pro Brook Properties","Real estate firms & property managers","Glasgow, Sct G11 5Rq","+441413393050","lettings@probrookproperties.co.uk","http://www.probrookproperties.co.uk/","Unverified","Supplied","Message delivered"
523,"Properties Actually","Real estate firms & property managers","London, Eng W9 2Ew","+442071210088","info@propertiesactually.co.uk","http://www.propertiesactually.co.uk/","Unverified","Supplied","Message delivered"
524,"Property Development Plus","Real estate firms & property managers","Greater London Rm14 1Hz","+448009554955","","http://www.propertydevelopmentplus.co.uk","Unverified","Not supplied","Message delivered"
525,"Property Express","Real estate firms & property managers","London, Eng Nw7 1Lb","+442083433399","info@propertyexpresslondon.co.uk","http://propertyexpresslondon.co.uk/","Unverified","Supplied","Message delivered"
526,"Property From Pensions","Client-stated buyer types","Birmingham, Eng B37 7Gn","+443335770063","info@propertyfrompensions.co.uk","http://www.propertyfrompensions.co.uk/","Unverified","Supplied","Message delivered"
527,"Property Sales Bulgaria","Real estate firms & property managers","Manchester, Eng M3 2Lf","+441614339303","info@propertysalesbulgaria.co.uk","http://www.propertysalesbulgaria.ie/","Unverified","Supplied","Message delivered"
528,"Property Sauce","Real estate firms & property managers","Greater London W1k 1Qw","+442037578998","","http://www.propertysauce.co","Unverified","Not supplied","Message delivered"
529,"Property Secrets","Real estate firms & property managers","Manchester M40 9Wb","+441159853963","","http://www.propertysecrets.net/","Unverified","Not supplied","Message delivered"
530,"Property Sisters","Real estate firms & property managers","London, Eng Nw7 3Nx","+442037457456","info@propsis.com","https://www.propsis.com/","Unverified","Supplied","Message delivered"
531,"Property Zone","Real estate firms & property managers","Glasgow, Sct G42 7By","+441414231944","info@propertyzoneuk.net","http://www.propertyzoneuk.net/","Unverified","Supplied","Message delivered"
532,"Provision Properties - Student Letting Agents Leeds | Professional Lettings","Real estate firms & property managers","Leeds, Eng Ls6 1Lu","+441133053344","lets@deuestates.co.uk","http://www.deuestates.co.uk/","Unverified","Supplied","Message delivered"
533,"Qazi Investments London","Client-stated buyer types","London, Eng Ig3 8Tg","+442039501111","info@qaziinvestments.com","http://www.qaziinvestments.com/","Unverified","Supplied","Message delivered"
534,"Quarters","Real estate firms & property managers","London, Eng E17 4Qs","+442085216300","","http://www.quarterslettings.com/","Unverified","Not supplied","Message delivered"
535,"Quest Hotels","Real estate firms & property managers","Greater London Wc1n 3Dn","+442072424400","","https://questhotels.co.uk","Unverified","Not supplied","Message delivered"
536,"Quest London","Real estate firms & property managers","London, Eng E14 6Ff","+442036207000","info@questlondon.co.uk","http://questlondon.co.uk/","Unverified","Supplied","Message delivered"
537,"Qure Group Ltd. | Dispute Resolution | Risk Management | Outsourced Complaints & Claims Management","SME / startup buyers (general B2B)","Manchester M1 2Aq","+441616760919","","http://www.quregroup.co.uk/","Unverified","Not supplied","Message delivered"
538,"R.Ball & Co","Client-stated buyer types","London W4 2Pd","+442089947901","","http://www.rballandco.com/","Unverified","Not supplied","Message delivered"
539,"Real Estate","Client-stated buyer types","London, Eng W1j 8","+442031373712","e.g.john@smith.org","https://www.expatmortgage.com/","Unverified","Supplied","Message delivered"
540,"Real Estate Sales & Lettings","Real estate firms & property managers","Leeds, Eng Ls1 3Hb","+443331218844","sales@resaluk.com","http://www.resaluk.com/","Unverified","Supplied","Message delivered"
541,"Realm Estates","Real estate firms & property managers","London, Eng Sw18 1Tf","+442088712633","property@realmestates.co.uk","http://www.realmestates.co.uk/","Unverified","Supplied","Message delivered"
542,"Realty Gold World","Client-stated buyer types","London, Eng Sw19 1Ne","+447405126511","contactrealtygoldworld@gmail.com","http://www.realtygoldworld.com/","Unverified","Supplied","Message delivered"
543,"Rebecca Zarr","Client-stated buyer types","London, Eng W10 6Nb","+442071579719","","https://www.rebeccazarr.com/","Unverified","Not supplied","Message delivered"
544,"Reckless","Client-stated buyer types","London Ec1y 8Af","+442071646658","","https://www.reckless.agency/","Unverified","Not supplied","Message delivered"
545,"Red Property Partnership","Real estate firms & property managers","London, Eng Nw1 7Bb","+442074851332","info@redpropertypartnership.co.uk","http://www.redpropertypartnership.co.uk/","Unverified","Supplied","Message delivered"
546,"Redltd1","Logistics, freight & courier operators","Birmingham, Eng B30 2Pf","+441214051637","reillysexpressdelivery@outlook.com","http://www.reillysexpressdeliveryltd.com/","Unverified","Supplied","Message delivered"
547,"Regallis","Real estate firms & property managers","Greater London Sw15 1Jp","+442087852229","","http://www.regallis.co.uk","Unverified","Not supplied","Message delivered"
548,"Regents Residential","Real estate firms & property managers","London, Eng W1w 5Dt","+442073723000","info@regentsresidential.com","http://www.regentsresidential.com/","Unverified","Supplied","Message delivered"
549,"Relaks Properties","Real estate firms & property managers","London, Eng E3 5El","+442081331166","info@relaks.net","http://www.relaksinn.com/","Unverified","Supplied","Message delivered"
550,"Reliance Travels","SME / startup buyers (general B2B)","London E7 8Ba","+442079936068","","http://www.reliancetravels.co.uk/","Unverified","Not supplied","Message delivered"
551,"Rem Freight","Logistics, freight & courier operators","Greater London Tw4 6Dr","+442088442735","","http://www.remfreight.co.uk","Unverified","Not supplied","Message delivered"
552,"Rent A Home","Real estate firms & property managers","London, Eng N16 7Pb","+442079232372","info@rentahome-uk.com","http://www.rentahome-uk.com/","Unverified","Supplied","Message delivered"
553,"Rent A Room","Client-stated buyer types","London, Eng Nw2 3Ej","+447405187349","samsmith7861978@gmail.com","https://rentaroomlondon.co.uk/","Unverified","Supplied","Message delivered"
554,"Rent to Buy Properties","Real estate firms & property managers","London, Eng Sw4 0Bn","+442088200780","","https://www.renttobuyproperties.co.uk/","Unverified","Not supplied","Message delivered"
555,"Rgis Inventory Specialists Ltd. - Manchester District Office","SME / startup buyers (general B2B)","Manchester M50 1Rf","+441926888882","","https://www.rgis.co.uk/","Unverified","Not supplied","Message delivered"
556,"Rhenus Logistics","Logistics, freight & courier operators","Manchester M30 7Rf","+441618864200","","http://www.rhenus.com/en/uk","Unverified","Not supplied","Message delivered"
557,"Rich Harvest Realty","Real estate firms & property managers","Birmingham, Eng B5 4Bd","+447712645004","info@richharvest.co.uk","http://www.richharvest.co.uk/","Unverified","Supplied","Message delivered"
558,"Ridgeway Estates","Real estate firms & property managers","London, Eng N13 4Td","+442083591414","info@ridgewaylondonproperties.com","https://www.ridgewaylondonproperties.com/","Unverified","Supplied","Message delivered"
559,"Riise","Real estate firms & property managers","London, Eng W1j 6Ap","+448453888248","hello@riise.ai","https://www.riise.ai/","Unverified","Supplied","Message delivered"
560,"Riordan SEO London","Client-stated buyer types","London Nw6 2Al","+447426725335","","https://riordanseo.co.uk/","Unverified","Not supplied","Message delivered"
561,"Robb Residential","Real estate firms & property managers","Glasgow, Scotland G2 5Sg","+441412253880","","https://robbresidential.com/","Unverified","Not supplied","Message delivered"
562,"Robert Aston and Company","Real estate firms & property managers","Birmingham, Eng B13 8Eb","+441214494411","sales@robertaston.com","http://www.robertaston.com/","Unverified","Supplied","Message delivered"
563,"Robert Lewis Property","Real estate firms & property managers","London, Eng N12 0Nl","+442036334499","info@robertlewis.co","http://www.robertlewis.co/","Unverified","Supplied","Message delivered"
564,"Romulus","Client-stated buyer types","London, Eng Sw6 2Db","+442077361214","romulus@romulusuk.com","http://www.romulusuk.com/","Unverified","Supplied","Message delivered"
565,"Rosewood Residence","Real estate firms & property managers","Greater London E15 4Nl","+442036025342","","http://www.rosewoodresidence.co.uk","Unverified","Not supplied","Message delivered"
566,"Roupell Park Rmc","Client-stated buyer types","London, Eng Sw2 3Ry","+442079260214","roupellpark@lambeth.gov.uk","http://roupellpark.co.uk/","Unverified","Supplied","Message delivered"
567,"Runu & Co Estates","Real estate firms & property managers","Greater London Nw1 8Ny","+442074850073","","http://www.runu-estates.com","Unverified","Not supplied","Message delivered"
568,"S Clark & Sons","Logistics, freight & courier operators","Greater London Se20 7Un","+442087788584","","http://www.clarkshaulage.com","Unverified","Not supplied","Message delivered"
569,"Samkit Digital","Professional services (law, accounting, consultancies)","Greater London Tw13 5As","+442085812485","","http://www.samkit.co.uk","Unverified","Not supplied","Message delivered"
570,"Sanders Property","Real estate firms & property managers","London, Eng N1 4Qh","+442076869630","stephen@sandersproperty.co.uk","https://www.sandersproperty.co.uk/","Unverified","Supplied","Message delivered"
571,"Savoy Property Consultants","Real estate firms & property managers","London, Eng W12 0Bs","+442087494111","info@savoyproperty.co.uk","http://www.savoyproperty.co.uk/","Unverified","Supplied","Message delivered"
572,"Sculpt Digital","Client-stated buyer types","Leeds, Eng Ls1 4PR","+443300583121","hello@sculpt.digital","https://sculpt.digital/","Unverified","Supplied","Message delivered"
573,"Sealy Estate","Real estate firms & property managers","London, Eng N13 5Pa","+442036332426","hello@sealyestates.co.uk","https://www.sealyestates.co.uk/","Unverified","Supplied","Message delivered"
574,"SecureASale","Client-stated buyer types","London, Eng N6 5Jw","+442071176001","","http://www.SecureASale.co.uk/","Unverified","Not supplied","Message delivered"
575,"Semetrical","Client-stated buyer types","London Ec1v 2Nx","+442031989963","","https://www.semetrical.com/","Unverified","Not supplied","Message delivered"
576,"SEO Manchester | SEO Agency | SEO Company","Client-stated buyer types","Manchester M1 5An","+441616663653","","https://seoreq.com/","Unverified","Not supplied","Message delivered"
577,"Sharp Ahead","Client-stated buyer types","Leeds Ls10 1Hd","+441132093580","","https://www.sharpahead.com/","Unverified","Not supplied","Message delivered"
578,"Sharpes Estates - Letting & Estate Agents Colliers Wood","Real estate firms & property managers","London Sw19 1Dn","+442082864073","","https://www.sharpesestates.com/","Unverified","Not supplied","Message delivered"
579,"Shemron Lettings","Client-stated buyer types","Birmingham, Eng B20 3Py","+447865410700","shemronlettings@hotmail.co.uk","http://shemronlettings.com/","Unverified","Supplied","Message delivered"
580,"Shipping 360","Logistics, freight & courier operators","Greater London Ec2a 2Be","+442071862300","","http://www.shipping-360.com","Unverified","Not supplied","Message delivered"
581,"ShortRes","Client-stated buyer types","London, Eng W1s 4Pn","","hello@shortres.io","http://shortres.io/","Unverified","Supplied","Message delivered"
582,"Sifex","Client-stated buyer types","London Sw6 6El","+442073841200","","http://www.sifex.co.uk/","Unverified","Not supplied","Message delivered"
583,"Sinophi Healthcare","Professional services (law, accounting, consultancies)","Greater London Sw1y 5Nq","+442076648742","","http://corpusvecethikalhealthoverseasrecruiters.wordpress.com","Unverified","Not supplied","Message delivered"
584,"Sk Housing","Real estate firms & property managers","Greater London Ub7 8Ln","+447904319025","skhousingltd@gmail.com","http://www.skhousingltd.co.uk","Unverified","Supplied","Message delivered"
585,"Sky Cargo","Logistics, freight & courier operators","London, Eng Nw8 8Ba","+442034113481","info@skycargo.uk","http://www.skycargo.uk/","Unverified","Supplied","Message delivered"
586,"Smart Link Estates","Client-stated buyer types","London, Eng E15 4Hg","+442071000999","info@smartlinkestates.com","http://www.smartlinkestates.com/","Unverified","Supplied","Message delivered"
587,"Smart Property Buyers","Client-stated buyer types","Glasgow, Sct G3 8Az","+441412306168","info@smartpropertybuyers.co.uk","https://smartpropertybuyers.co.uk/","Unverified","Supplied","Message delivered"
588,"SmartLet Estates","Real estate firms & property managers","London, Eng N4 1Tj","+442078469181","enquiries@smartletestates.co.uk","http://www.smartletestates.co.uk/","Unverified","Supplied","Message delivered"
589,"Smith & Knight","Real estate firms & property managers","Greater London Sw15 4Hj","+442087892333","","http://www.smithandknight.co.uk","Unverified","Not supplied","Message delivered"
590,"Sole Move","Real estate firms & property managers","London, Eng Sw19 2Bt","+442034884633","info@solemove.co.uk","http://www.solemove.co.uk/","Unverified","Supplied","Message delivered"
591,"Soleil Properties","Client-stated buyer types","London, Eng Wc2h 9Jq","+447553555866","info@ireis.co.uk","https://www.ireis.co.uk/","Unverified","Supplied","Message delivered"
592,"Soli Villas","Real estate firms & property managers","Manchester, Eng M4 6Wx","+441618830163","rentals@solivillas.com","http://www.solivillas.com/","Unverified","Supplied","Message delivered"
593,"Solpac","SME / startup buyers (general B2B)","Manchester M20 6Dn","+441614341707","","http://www.solpac.eu/","Unverified","Not supplied","Message delivered"
594,"Soniza","SME / startup buyers (general B2B)","London E14 8Bz","+448003345878","","http://www.soniza.co.uk/","Unverified","Not supplied","Message delivered"
595,"South Kensington Property Management","Real estate firms & property managers","Greater London Sw3 2Pu","+442079935508","","http://www.skconsult.co.uk","Unverified","Not supplied","Message delivered"
596,"Sparkhill Freight and Travel","Logistics, freight & courier operators","Birmingham, Eng B11 4Jz","+441217736301","sales@sparkhillfreight.co.uk","http://www.sparkhillfreight.co.uk/","Unverified","Supplied","Message delivered"
597,"Speedy Services","Logistics, freight & courier operators","Birmingham, West Midlands B23 5Lq","+441212518683","","http://www.atozremovalsanddeliveries.co.uk","Unverified","Not supplied","Message delivered"
598,"Spencer Properties","Real estate firms & property managers","Leeds, Eng Ls6 2As","+441132788600","info@spencer-properties.co.uk","https://www.spencer-properties.co.uk/","Unverified","Supplied","Message delivered"
599,"Splash Sol Tech - Software Development & Digital Marketing Agency","Client-stated buyer types","London N1 7Gu","+447543368197","","https://splashsol.com/","Unverified","Not supplied","Message delivered"
600,"Stepbystep Couriers","Logistics, freight & courier operators","Greater London Se13 6Dt","+442082975070","","https://www.catfordcouriers.co.uk","Unverified","Not supplied","Message delivered"
601,"Sterling Homes","Real estate firms & property managers","Birmingham, Eng B13 0Bt","+441213870777","sales@sterling-homes.co.uk","https://www.sterling-homes.co.uk/","Unverified","Supplied","Message delivered"
602,"Stl","SME / startup buyers (general B2B)","London E14 8Bt","+442079873777","","https://www.stl-training.co.uk/","Unverified","Not supplied","Message delivered"
603,"Stoneway","Real estate firms & property managers","London, Eng Se1 1Rq","+442078713025","info@stoneway-re.com","https://stoneway-re.com/","Unverified","Supplied","Message delivered"
604,"Stuart Lipton - Time 2 Sell Estate Agents","Real estate firms & property managers","Glasgow, Sct G3 7Rw","+447921074659","drobson@time2sell.co.uk","http://www.time2sell.co.uk/","Unverified","Supplied","Message delivered"
605,"Sunlight Healthcare Division","Professional services (law, accounting, consultancies)","Greater London Sw2 5Ub","+442077333482","","http://www.berendsen.co.uk","Unverified","Not supplied","Message delivered"
606,"Superior Estates","Real estate firms & property managers","Birmingham, Eng B13 8Jg","+441212561414","info@superiorestates.co.uk","http://www.superiorestates.co.uk/","Unverified","Supplied","Message delivered"
607,"Sureman Ventures","Logistics, freight & courier operators","London Nw2 7Jp","+447939599370","","http://www.cargotonigeria.com/","Unverified","Not supplied","Message delivered"
608,"Sw Residential","Real estate firms & property managers","London, Eng Sw3 1Lz","+442071830762","swrsocial@swresidential.co.uk","https://www.swresidential.co.uk/","Unverified","Supplied","Message delivered"
609,"Symon Smith Estate Agents Tottenham","Real estate firms & property managers","London, Eng N17 6Qn","+442088016068","tottenham@symonsmith.co.uk","https://symonsmith.co.uk/","Unverified","Supplied","Message delivered"
610,"Symple","Client-stated buyer types","Manchester, Eng M27 8Ff","+441618833452","support@symple.co.uk","http://symple.co.uk/","Unverified","Supplied","Message delivered"
611,"Synergiseuk","SME / startup buyers (general B2B)","London W1w 5Pf","+443301133000","","https://synergiseuk.co.uk/","Unverified","Not supplied","Message delivered"
612,"Tag Digital - Now Mdg","Professional services (law, accounting, consultancies)","London, Eng Nw6 5","","info@tagdigital.co.uk","http://www.tagdigital.co.uk/","Unverified","Supplied","Message delivered"
613,"Target Properties","Real estate firms & property managers","Leeds, Eng Ls6 1Bl","+447522233264","info@targetproperties.co.uk","http://www.targetproperties.co.uk","Unverified","Supplied","Message delivered"
614,"Team Organic","Client-stated buyer types","London E1 1Du","+442035824457","","http://www.teamorganic.co.uk/","Unverified","Not supplied","Message delivered"
615,"TeePee Estate Agents","Real estate firms & property managers","London, Eng N21 3","+442083425444","info@teepeeproperties.co.uk","http://www.teepeeproperties.co.uk/","Unverified","Supplied","Message delivered"
616,"Tepilo","Real estate firms & property managers","London Ec3r 6En","+448443878377","","https://www.tepilo.com/","Unverified","Not supplied","Message delivered"
617,"Tetragon","Real estate firms & property managers","London Nw1 7Je","+442071001575","","http://tetragonpublishing.com/","Unverified","Not supplied","Message delivered"
618,"Thames Capital","Client-stated buyer types","London, Eng W1w 5Pf","+442046176250","info@thames-capital.co.uk","http://Thames-capital.co.uk/","Unverified","Supplied","Message delivered"
619,"The Accommodating Company","Real estate firms & property managers","Greater London N14 6Jt","+442084478400","","http://www.accommodatingcompany.co.uk","Unverified","Not supplied","Message delivered"
620,"The Autoglaziers","SME / startup buyers (general B2B)","Leeds Ls17 8Sx","+441132661330","","http://www.yorkshire-windscreens.co.uk/","Unverified","Not supplied","Message delivered"
621,"The Chancery Group","Real estate firms & property managers","Greater London W1f 9La","+442077348789","","http://www.thechancerygroup.co.uk","Unverified","Not supplied","Message delivered"
622,"The Collaborative London","Client-stated buyer types","London, Eng W9 2Qj","+447788553035","info@thecollaborativelondon.co.uk","https://www.thecollaborativelondon.co.uk/post/3-stages-of-negotiation-we-use-to-find-the-best-pcl-property-to-develop","Unverified","Supplied","Message delivered"
623,"The Generator Group","Client-stated buyer types","Greater London E1 7Ls","+442074265555","","http://www.generatorgroup.co.uk","Unverified","Not supplied","Message delivered"
624,"The Goodsyard","Client-stated buyer types","Birmingham, Eng B18 6Fg","+441216478805","hello@thegoodsyard-jq.com","http://www.thegoodsyard-jq.com/","Unverified","Supplied","Message delivered"
625,"The Haywoods Group","Real estate firms & property managers","Greater London Sw18 1Gn","+442088751919","","http://www.haywoodsgroup.com","Unverified","Not supplied","Message delivered"
626,"The Media Exchange","Professional services (law, accounting, consultancies)","London, Eng W1f 7Af","+442076366777","info@themediaexchange.com","http://www.themediaexchange.com/","Unverified","Supplied","Message delivered"
627,"TheAdvisory","Client-stated buyer types","London, Eng N3 1Lf","+442038589903","info@theadvisory.co.uk","http://www.TheAdvisory.co.uk/","Unverified","Supplied","Message delivered"
628,"Three Snowhill Birmingham","Real estate firms & property managers","Birmingham, Eng B4 6Gd","+441212149935","","http://www.bam.co.uk/","Unverified","Not supplied","Message delivered"
629,"Tilfen Land","Client-stated buyer types","Greater London W1s 4Lh","+442070163340","","http://www.tilfenland.co.uk","Unverified","Not supplied","Message delivered"
630,"Title Ix","Client-stated buyer types","Glasgow G61 1Qg","+443333441986","","https://title9.co.uk/","Unverified","Not supplied","Message delivered"
631,"Titus Royce","Real estate firms & property managers","Greater London W9 3Ef","+442089607555","","http://www.titusroyce.com","Unverified","Not supplied","Message delivered"
632,"Tmc Property Media","Client-stated buyer types","London, Eng Se1 1Ja","+442079527653","sales@tmcpropertymedia.com","http://www.tmcpropertymedia.com/","Unverified","Supplied","Message delivered"
633,"Top 10 Property Agents UK","Real estate firms & property managers","Greater London Nan","","","http://top10propertyagents.co.uk","Unverified","Not supplied","Message delivered"
634,"Toropro Maintenance Services","Client-stated buyer types","London Se5 8Dd","+448000885146","","http://www.toropro.co.uk/","Unverified","Not supplied","Message delivered"
635,"Trading Places Urmston","Real estate firms & property managers","Manchester, Eng M41 5Ab","+441617470022","urmston@tradingplaces.co.uk","https://www.tradingplaces.co.uk/?branch=Urmston","Unverified","Supplied","Message delivered"
636,"Trans Bridge Freight Services","Logistics, freight & courier operators","Manchester, Eng M24 4Sb","+441616550100","sales@transbridgefreight.co.uk","http://www.transbridgefreight.co.uk","Unverified","Supplied","Message delivered"
637,"Trans-HAZ","Logistics, freight & courier operators","Leeds, Eng Ls10 1Sb","+441138715085","sales@trans-haz.com","http://www.trans-HAZ.com/","Unverified","Supplied","Message delivered"
638,"Trellows Luxury Homes","Real estate firms & property managers","London, Eng Ec1n 8Le","+442038837633","sales@trellows.com","https://trellows.com/","Unverified","Supplied","Message delivered"
639,"Trident Surveying","Real estate firms & property managers","Greater London W1b 3Hh","+442071127552","","http://www.tridentsurveying.co.uk","Unverified","Not supplied","Message delivered"
640,"Trionfo UK Ltd. - SEO Agency in London","Client-stated buyer types","London Ec1v 2Nx","+442080904980","","https://trionfo.co.uk/","Unverified","Not supplied","Message delivered"
641,"Tropical Properties","Client-stated buyer types","London, Eng Wc2h 9Jq","+447738214751","lawrencekirkham@hotmail.com","http://www.dreamproperties.com/","Unverified","Supplied","Message delivered"
642,"Truenorth Capital Advisors","SME / startup buyers (general B2B)","London W1j 8Aj","+442072054440","","http://www.truenorth-capital.com/","Unverified","Not supplied","Message delivered"
643,"Trust Property Management","Real estate firms & property managers","Leeds, West Yorkshire Ls6 1Ng","+441132740611","","http://www.trustproperties.co.uk","Unverified","Not supplied","Message delivered"
644,"Tunderman Transport","Logistics, freight & courier operators","Glasgow, Sct G33 6Hz","+441417795446","planning@tundermanscotland.com","http://www.tundermanscotland.com","Unverified","Supplied","Message delivered"
645,"UK Homes","Client-stated buyer types","London, Eng Sw5 9HR","+442076022060","info@ukhomesent.com","http://www.ukhomesent.com/","Unverified","Supplied","Message delivered"
646,"UK Mail Courier","Logistics, freight & courier operators","Leeds, Eng Ls27 7Jq","+441133074860","","http://www.ukmail.com","Unverified","Not supplied","Message delivered"
647,"UK Property Brokers","Real estate firms & property managers","Manchester, Eng M20 3Hb","+447855371335","floyd@ukpropertybrokers.co.uk","http://ukpropertybrokers.co.uk/","Unverified","Supplied","Message delivered"
648,"Ultra Estates","Real estate firms & property managers","London, Eng Nw1 6Rb","+442077234288","enquiries@ultraestates.co.uk","http://www.ultraestates.co.uk/","Unverified","Supplied","Message delivered"
649,"Up Logistics","Logistics, freight & courier operators","Glasgow, Sct G67 2Rn","+441417799999","info@uplogistics.co.uk","http://www.uplogistics.co.uk/","Unverified","Supplied","Message delivered"
650,"Urban Estate Agents","Real estate firms & property managers","Manchester, Eng M3 2Ab","+443334330348","info@urbanestatesuk.co.uk","https://urbanestatesuk.co.uk/","Unverified","Supplied","Message delivered"
651,"Van Den Bosch","Logistics, freight & courier operators","Birmingham, West Midlands B30 2Lu","+441214595296","","http://www.vandenbosch.com","Unverified","Not supplied","Message delivered"
652,"Victoria Point, Manchester","Client-stated buyer types","Manchester, Eng M13 0Ft","","salesenquiries@mcrstudents.com","http://www.hellostudent.co.uk/student-accommodation/manchester/victoria-point/","Unverified","Supplied","Message delivered"
653,"Vigilance Properties","Professional services (law, accounting, consultancies)","London, Eng Sw1w 9Lt","+442034165340","","http://www.vigilanceproperties.co.uk","Unverified","Not supplied","Message delivered"
654,"Vista Property","Real estate firms & property managers","London, Eng E5 8Nr","+442084980498","","http://vista-property.co.uk/","Unverified","Not supplied","Message delivered"
655,"Vivat Property","Real estate firms & property managers","London, Eng Sw3 6Rd","+442089355612","info@vivatproperty.co.uk","http://www.vivatproperty.co.uk/","Unverified","Supplied","Message delivered"
656,"Vivid Healthcare","Professional services (law, accounting, consultancies)","London, Eng Ec2a 1Nt","+442071860331","","http://www.vivid-healthcare.co.uk/","Unverified","Not supplied","Message delivered"
657,"Walsons Healthcare","Professional services (law, accounting, consultancies)","London, Eng W1j 6Er","+441244718888","job.opportunities@walsonshealthcare.com","http://walsonshealthcare.com/","Unverified","Supplied","Message delivered"
658,"Wandera","Real estate firms & property managers","London, Eng W1w 7","+442033012660","","http://www.wandera.com","Unverified","Not supplied","Message delivered"
659,"Warren Evans Beds & Mattresses - Bounds Green Showroom","SME / startup buyers (general B2B)","London N11 2Ud","+442039277777","","https://www.warrenevans.com/","Unverified","Not supplied","Message delivered"
660,"Watergardens","Real estate firms & property managers","London, Eng W2 2","+442074028999","","http://www.london-chiropractor.co.uk","Unverified","Not supplied","Message delivered"
661,"We Pay IT","Professional services (law, accounting, consultancies)","London, Eng E14 5Aa","+442033725291","info@wepayit.co.uk","http://www.wepayit.co.uk/","Unverified","Supplied","Message delivered"
662,"Web Design Birmingham","Professional services (law, accounting, consultancies)","Birmingham, West Midlands B3 1Rl","+447734702143","","https://webdesignagencybirmingham.co.uk","Unverified","Not supplied","Message delivered"
663,"Westgate Utama","Real estate firms & property managers","London, Eng W4 3HR","+442037570188","info@westgateutama.com","https://www.westgateutama.com/user_blog?q=autumnbudget2025keytakeaways&url_share=1","Unverified","Supplied","Message delivered"
664,"WeStruct Design & Build","Professional services (law, accounting, consultancies)","Birmingham, West Midlands B23 7Hs","+447480111132","","https://www.westruct.co.uk","Unverified","Not supplied","Message delivered"
665,"Whitkirk Building Services","Professional services (law, accounting, consultancies)","Leeds, West Yorkshire Ls15 7Rd","+441132644131","","http://www.whitkirkbuilders.co.uk","Unverified","Not supplied","Message delivered"
666,"Wild and Co Property Services","Real estate firms & property managers","London, Eng E5 0Np","+442089862298","hello@wildandco.uk","http://www.wildandco.uk/","Unverified","Supplied","Message delivered"
667,"Willboag Estates","Client-stated buyer types","London, Eng N17 9Ta","+442081097131","info@willboag.co.uk","https://www.willboag.co.uk/","Unverified","Supplied","Message delivered"
668,"Wingate Estate Agents","Real estate firms & property managers","London, Eng N3 1De","+442045310143","info@wingateestates.co.uk","https://www.wingateestates.co.uk/","Unverified","Supplied","Message delivered"
669,"Wiseman Property","Real estate firms & property managers","London, Eng N1 9Dp","+442077131111","","http://www.wisemanpropertygroup.com/","Unverified","Not supplied","Message delivered"
670,"Women & Enterprise","Professional services (law, accounting, consultancies)","Birmingham, Eng B12 8Lf","+441216631711","info@i-se.co.uk","https://i-se.co.uk/","Unverified","Supplied","Message delivered"
671,"Women in Property","Client-stated buyer types","London W11 4Rs","+442076034746","","http://www.womeninproperty.org.uk/","Unverified","Not supplied","Message delivered"
672,"Woodlands Properties","Client-stated buyer types","Leeds, Eng Ls18 4Bh","+447749488475","karen.waite-pullan@futures.co.uk","http://www.woodlandsproperties.co.uk","Unverified","Supplied","Message delivered"
673,"Xix","Real estate firms & property managers","London, Eng Ec4m 9","+442071268243","hello@xix.co.uk","https://xix.co.uk/","Unverified","Supplied","Message delivered"
674,"Xpress Cargo","Logistics, freight & courier operators","London E6 1Bx","+442084702994","","http://www.xpress-cargo.co.uk/","Unverified","Not supplied","Message delivered"
675,"Your City Property","Real estate firms & property managers","London, Eng E16 1Ah","+442070558365","info@yourcityproperty.com","http://www.yourcityproperty.com/","Unverified","Supplied","Message delivered"
676,"Your Claims","Real estate firms & property managers","Manchester, Eng M30 8Ap","+441615295874","help@yourfinanceclaim.co.uk","http://www.yourfinanceclaim.co.uk/","Unverified","Supplied","Message delivered"
677,"Your Office People","Client-stated buyer types","London, Eng W1w 5Pf","+442030160270","info@yourofficepeople.co.uk","https://yourofficepeople.co.uk/","Unverified","Supplied","Message delivered"
678,"Your Property Health","Client-stated buyer types","London, Eng W10 0Ad","","","http://www.pictureproperty.co.uk/","Unverified","Not supplied","Message delivered"
679,"Zen Garden Homes","Client-stated buyer types","London, Eng N1 7Gu","+442037458180","","http://zengardenhomes.co.uk/","Unverified","Not supplied","Message delivered"
680,"Zephyr X","Client-stated buyer types","Greater London W1j 7Uh","+442036499900","","https://zephyrx.co.uk","Unverified","Not supplied","Message delivered"
681,"Zisk Properties","Client-stated buyer types","London, Eng Se8 3Al","+442039300889","info@ziskproperties.com","http://www.ziskproperties.com/","Unverified","Supplied","Message delivered"
682,"Zorba Property Solutions","Real estate firms & property managers","London, Eng N14 6Nz","+442030060888","info@zorbapropertysolutions.co.uk","http://www.zorbapropertysolutions.co.uk/","Unverified","Supplied","Message delivered"
